num_class,seed,model,loglik_train,post_train,labels_train,p_entropy_train,NEC_train,AIC_train,BIC_train,avg_max_post_train,loglik_eval,post_eval,labels_eval,p_entropy_eval,NEC_eval,AIC_eval,BIC_eval,avg_max_post_eval,class_counts_train,class_counts_eval,init
2,42,"GeneralMixtureModel(
  (distributions): ModuleList(
    (0-1): 2 x Categorical()
  )
)","tensor(-808157.6250, device='cuda:0')","[[0. 1.]
 [0. 1.]
 [0. 1.]
 ...
 [0. 1.]
 [0. 1.]
 [0. 1.]]",[1 1 1 ... 1 1 1],0.014945673756301403,"tensor(-0., device='cuda:0')","tensor(1616327.2500, device='cuda:0')","tensor(1616389.3750, device='cuda:0')",0.9953967928886414,"tensor(-89609.3516, device='cuda:0')","[[0. 1.]
 [0. 1.]
 [0. 1.]
 ...
 [0. 1.]
 [0. 1.]
 [0. 1.]]",[1 1 1 ... 1 1 1],0.014911262318491936,"tensor(-0., device='cuda:0')","tensor(179230.7031, device='cuda:0')","tensor(179279.6406, device='cuda:0')",0.9954127073287964,{1: 231633},{1: 25737},no_kmodes
3,42,"GeneralMixtureModel(
  (distributions): ModuleList(
    (0-2): 3 x Categorical()
  )
)","tensor(-808157.6250, device='cuda:0')","[[0. 1. 0.]
 [0. 1. 0.]
 [0. 1. 0.]
 ...
 [0. 1. 0.]
 [0. 1. 0.]
 [0. 1. 0.]]",[1 1 1 ... 1 1 1],0.029853085055947304,"tensor(-0., device='cuda:0')","tensor(1616333.2500, device='cuda:0')","tensor(1616426.3750, device='cuda:0')",0.9903786778450012,"tensor(-89609.3516, device='cuda:0')","[[0. 1. 0.]
 [0. 1. 0.]
 [0. 1. 0.]
 ...
 [0. 1. 0.]
 [0. 1. 0.]
 [0. 1. 0.]]",[1 1 1 ... 1 1 1],0.029667535796761513,"tensor(-0., device='cuda:0')","tensor(179236.7031, device='cuda:0')","tensor(179310.1094, device='cuda:0')",0.9904502630233765,{1: 231633},{1: 25737},no_kmodes
4,42,"GeneralMixtureModel(
  (distributions): ModuleList(
    (0-3): 4 x Categorical()
  )
)","tensor(-808157.6250, device='cuda:0')","[[0. 1. 0. 0.]
 [0. 1. 0. 0.]
 [0. 1. 0. 0.]
 ...
 [0. 1. 0. 0.]
 [0. 1. 0. 0.]
 [0. 1. 0. 0.]]",[1 1 1 ... 1 1 1],0.018862687051296234,"tensor(-0., device='cuda:0')","tensor(1616339.2500, device='cuda:0')","tensor(1616463.5000, device='cuda:0')",0.9937902688980103,"tensor(-89609.3516, device='cuda:0')","[[0. 1. 0. 0.]
 [0. 1. 0. 0.]
 [0. 1. 0. 0.]
 ...
 [0. 1. 0. 0.]
 [0. 1. 0. 0.]
 [0. 1. 0. 0.]]",[1 1 1 ... 1 1 1],0.01885542832314968,"tensor(-0., device='cuda:0')","tensor(179242.7031, device='cuda:0')","tensor(179340.5781, device='cuda:0')",0.9938003420829773,{1: 231633},{1: 25737},no_kmodes
5,42,"GeneralMixtureModel(
  (distributions): ModuleList(
    (0-4): 5 x Categorical()
  )
)","tensor(-808157.6250, device='cuda:0')","[[0. 1. 0. 0. 0.]
 [0. 1. 0. 0. 0.]
 [0. 1. 0. 0. 0.]
 ...
 [0. 1. 0. 0. 0.]
 [0. 1. 0. 0. 0.]
 [0. 1. 0. 0. 0.]]",[1 1 1 ... 1 1 1],0.006590151693671942,"tensor(-0., device='cuda:0')","tensor(1616345.2500, device='cuda:0')","tensor(1616500.5000, device='cuda:0')",0.9974238276481628,"tensor(-89609.3516, device='cuda:0')","[[0. 1. 0. 0. 0.]
 [0. 1. 0. 0. 0.]
 [0. 1. 0. 0. 0.]
 ...
 [0. 1. 0. 0. 0.]
 [0. 1. 0. 0. 0.]
 [0. 1. 0. 0. 0.]]",[1 1 1 ... 1 1 1],0.00639375951141119,"tensor(-0., device='cuda:0')","tensor(179248.7031, device='cuda:0')","tensor(179371.0312, device='cuda:0')",0.9975138902664185,{1: 231633},{1: 25737},no_kmodes
6,42,"GeneralMixtureModel(
  (distributions): ModuleList(
    (0-5): 6 x Categorical()
  )
)","tensor(-808157.6250, device='cuda:0')","[[0. 1. 0. 0. 0. 0.]
 [0. 1. 0. 0. 0. 0.]
 [0. 1. 0. 0. 0. 0.]
 ...
 [0. 1. 0. 0. 0. 0.]
 [0. 1. 0. 0. 0. 0.]
 [0. 1. 0. 0. 0. 0.]]",[1 1 1 ... 1 1 1],0.009327744133770466,"tensor(-0., device='cuda:0')","tensor(1616351.2500, device='cuda:0')","tensor(1616537.6250, device='cuda:0')",0.9957467317581177,"tensor(-89609.3516, device='cuda:0')","[[0. 1. 0. 0. 0. 0.]
 [0. 1. 0. 0. 0. 0.]
 [0. 1. 0. 0. 0. 0.]
 ...
 [0. 1. 0. 0. 0. 0.]
 [0. 1. 0. 0. 0. 0.]
 [0. 1. 0. 0. 0. 0.]]",[1 1 1 ... 1 1 1],0.009317247197031975,"tensor(-0., device='cuda:0')","tensor(179254.7031, device='cuda:0')","tensor(179401.5000, device='cuda:0')",0.9957723617553711,{1: 231633},{1: 25737},no_kmodes
7,42,"GeneralMixtureModel(
  (distributions): ModuleList(
    (0-6): 7 x Categorical()
  )
)","tensor(-808157.6250, device='cuda:0')","[[0. 1. 0. ... 0. 0. 0.]
 [0. 1. 0. ... 0. 0. 0.]
 [0. 1. 0. ... 0. 0. 0.]
 ...
 [0. 1. 0. ... 0. 0. 0.]
 [0. 1. 0. ... 0. 0. 0.]
 [0. 1. 0. ... 0. 0. 0.]]",[1 1 1 ... 1 1 1],0.005235346499830484,"tensor(-0., device='cuda:0')","tensor(1616357.2500, device='cuda:0')","tensor(1616574.6250, device='cuda:0')",0.9981838464736938,"tensor(-89609.3516, device='cuda:0')","[[0. 1. 0. ... 0. 0. 0.]
 [0. 1. 0. ... 0. 0. 0.]
 [0. 1. 0. ... 0. 0. 0.]
 ...
 [0. 1. 0. ... 0. 0. 0.]
 [0. 1. 0. ... 0. 0. 0.]
 [0. 1. 0. ... 0. 0. 0.]]",[1 1 1 ... 1 1 1],0.005231649614870548,"tensor(-0., device='cuda:0')","tensor(179260.7031, device='cuda:0')","tensor(179431.9688, device='cuda:0')",0.9981963038444519,{1: 231633},{1: 25737},no_kmodes
8,42,"GeneralMixtureModel(
  (distributions): ModuleList(
    (0-7): 8 x Categorical()
  )
)","tensor(-808157.6250, device='cuda:0')","[[0. 1. 0. ... 0. 0. 0.]
 [0. 1. 0. ... 0. 0. 0.]
 [0. 1. 0. ... 0. 0. 0.]
 ...
 [0. 1. 0. ... 0. 0. 0.]
 [0. 1. 0. ... 0. 0. 0.]
 [0. 1. 0. ... 0. 0. 0.]]",[1 1 1 ... 1 1 1],0.0,"tensor(-0., device='cuda:0')","tensor(1616363.2500, device='cuda:0')","tensor(1616611.7500, device='cuda:0')",1.0,"tensor(-89609.3516, device='cuda:0')","[[0. 1. 0. ... 0. 0. 0.]
 [0. 1. 0. ... 0. 0. 0.]
 [0. 1. 0. ... 0. 0. 0.]
 ...
 [0. 1. 0. ... 0. 0. 0.]
 [0. 1. 0. ... 0. 0. 0.]
 [0. 1. 0. ... 0. 0. 0.]]",[1 1 1 ... 1 1 1],0.0,"tensor(-0., device='cuda:0')","tensor(179266.7031, device='cuda:0')","tensor(179462.4375, device='cuda:0')",1.0,{1: 231633},{1: 25737},no_kmodes
9,42,"GeneralMixtureModel(
  (distributions): ModuleList(
    (0-8): 9 x Categorical()
  )
)","tensor(-808157.6250, device='cuda:0')","[[0. 1. 0. ... 0. 0. 0.]
 [0. 1. 0. ... 0. 0. 0.]
 [0. 1. 0. ... 0. 0. 0.]
 ...
 [0. 1. 0. ... 0. 0. 0.]
 [0. 1. 0. ... 0. 0. 0.]
 [0. 1. 0. ... 0. 0. 0.]]",[1 1 1 ... 1 1 1],0.0,"tensor(-0., device='cuda:0')","tensor(1616369.2500, device='cuda:0')","tensor(1616648.7500, device='cuda:0')",1.0,"tensor(-89609.3516, device='cuda:0')","[[0. 1. 0. ... 0. 0. 0.]
 [0. 1. 0. ... 0. 0. 0.]
 [0. 1. 0. ... 0. 0. 0.]
 ...
 [0. 1. 0. ... 0. 0. 0.]
 [0. 1. 0. ... 0. 0. 0.]
 [0. 1. 0. ... 0. 0. 0.]]",[1 1 1 ... 1 1 1],0.0,"tensor(-0., device='cuda:0')","tensor(179272.7031, device='cuda:0')","tensor(179492.9062, device='cuda:0')",1.0,{1: 231633},{1: 25737},no_kmodes
2,73,"GeneralMixtureModel(
  (distributions): ModuleList(
    (0-1): 2 x Categorical()
  )
)","tensor(-606603.8750, device='cuda:0')","[[1.0000000e+00 1.5482502e-09]
 [1.8781515e-04 9.9981213e-01]
 [1.0000000e+00 2.1755269e-12]
 ...
 [1.8781515e-04 9.9981213e-01]
 [1.0000000e+00 6.0994402e-15]
 [3.5055693e-02 9.6494442e-01]]",[0 1 0 ... 1 0 1],0.011200244538486004,"tensor(2.7558e-08, device='cuda:0')","tensor(1213219.7500, device='cuda:0')","tensor(1213281.8750, device='cuda:0')",0.9965482950210571,"tensor(-67250.0234, device='cuda:0')","[[1.8781515e-04 9.9981213e-01]
 [1.0000000e+00 2.1755269e-12]
 [1.0000000e+00 6.9073050e-14]
 ...
 [1.0000000e+00 1.1968159e-15]
 [1.0000000e+00 1.1968159e-15]
 [1.0000000e+00 4.9157088e-11]]",[1 0 0 ... 0 0 0],0.011276808567345142,"tensor(1.5105e-08, device='cuda:0')","tensor(134512.0469, device='cuda:0')","tensor(134560.9844, device='cuda:0')",0.9965282678604126,"{0: 124861, 1: 106772}","{0: 13975, 1: 11762}",no_kmodes
3,73,"GeneralMixtureModel(
  (distributions): ModuleList(
    (0-2): 3 x Categorical()
  )
)","tensor(-808157.6250, device='cuda:0')","[[0. 1. 0.]
 [0. 1. 0.]
 [0. 1. 0.]
 ...
 [0. 1. 0.]
 [0. 1. 0.]
 [0. 1. 0.]]",[1 1 1 ... 1 1 1],0.025069277733564377,"tensor(-0., device='cuda:0')","tensor(1616333.2500, device='cuda:0')","tensor(1616426.3750, device='cuda:0')",0.9918850064277649,"tensor(-89609.3516, device='cuda:0')","[[0. 1. 0.]
 [0. 1. 0.]
 [0. 1. 0.]
 ...
 [0. 1. 0.]
 [0. 1. 0.]
 [0. 1. 0.]]",[1 1 1 ... 1 1 1],0.025117868557572365,"tensor(-0., device='cuda:0')","tensor(179236.7031, device='cuda:0')","tensor(179310.1094, device='cuda:0')",0.9918662309646606,{1: 231633},{1: 25737},no_kmodes
4,73,"GeneralMixtureModel(
  (distributions): ModuleList(
    (0-3): 4 x Categorical()
  )
)","tensor(-808157.6250, device='cuda:0')","[[0. 1. 0. 0.]
 [0. 1. 0. 0.]
 [0. 1. 0. 0.]
 ...
 [0. 1. 0. 0.]
 [0. 1. 0. 0.]
 [0. 1. 0. 0.]]",[1 1 1 ... 1 1 1],0.022609155625104904,"tensor(-0., device='cuda:0')","tensor(1616339.2500, device='cuda:0')","tensor(1616463.5000, device='cuda:0')",0.9907161593437195,"tensor(-89609.3516, device='cuda:0')","[[0. 1. 0. 0.]
 [0. 1. 0. 0.]
 [0. 1. 0. 0.]
 ...
 [0. 1. 0. 0.]
 [0. 1. 0. 0.]
 [0. 1. 0. 0.]]",[1 1 1 ... 1 1 1],0.02281213365495205,"tensor(-0., device='cuda:0')","tensor(179242.7031, device='cuda:0')","tensor(179340.5781, device='cuda:0')",0.9906123280525208,{1: 231633},{1: 25737},no_kmodes
5,73,"GeneralMixtureModel(
  (distributions): ModuleList(
    (0-4): 5 x Categorical()
  )
)","tensor(-808157.6250, device='cuda:0')","[[0. 1. 0. 0. 0.]
 [0. 1. 0. 0. 0.]
 [0. 1. 0. 0. 0.]
 ...
 [0. 1. 0. 0. 0.]
 [0. 1. 0. 0. 0.]
 [0. 1. 0. 0. 0.]]",[1 1 1 ... 1 1 1],0.002907118294388056,"tensor(-0., device='cuda:0')","tensor(1616345.2500, device='cuda:0')","tensor(1616500.5000, device='cuda:0')",0.9991777539253235,"tensor(-89609.3516, device='cuda:0')","[[0. 1. 0. 0. 0.]
 [0. 1. 0. 0. 0.]
 [0. 1. 0. 0. 0.]
 ...
 [0. 1. 0. 0. 0.]
 [0. 1. 0. 0. 0.]
 [0. 1. 0. 0. 0.]]",[1 1 1 ... 1 1 1],0.0028928746469318867,"tensor(-0., device='cuda:0')","tensor(179248.7031, device='cuda:0')","tensor(179371.0312, device='cuda:0')",0.9991872906684875,{1: 231633},{1: 25737},no_kmodes
6,73,"GeneralMixtureModel(
  (distributions): ModuleList(
    (0-5): 6 x Categorical()
  )
)","tensor(-808157.6250, device='cuda:0')","[[0. 1. 0. 0. 0. 0.]
 [0. 1. 0. 0. 0. 0.]
 [0. 1. 0. 0. 0. 0.]
 ...
 [0. 1. 0. 0. 0. 0.]
 [0. 1. 0. 0. 0. 0.]
 [0. 1. 0. 0. 0. 0.]]",[1 1 1 ... 1 1 1],0.0,"tensor(-0., device='cuda:0')","tensor(1616351.2500, device='cuda:0')","tensor(1616537.6250, device='cuda:0')",1.0,"tensor(-89609.3516, device='cuda:0')","[[0. 1. 0. 0. 0. 0.]
 [0. 1. 0. 0. 0. 0.]
 [0. 1. 0. 0. 0. 0.]
 ...
 [0. 1. 0. 0. 0. 0.]
 [0. 1. 0. 0. 0. 0.]
 [0. 1. 0. 0. 0. 0.]]",[1 1 1 ... 1 1 1],0.0,"tensor(-0., device='cuda:0')","tensor(179254.7031, device='cuda:0')","tensor(179401.5000, device='cuda:0')",1.0,{1: 231633},{1: 25737},no_kmodes
7,73,"GeneralMixtureModel(
  (distributions): ModuleList(
    (0-6): 7 x Categorical()
  )
)","tensor(-808157.6250, device='cuda:0')","[[0. 1. 0. ... 0. 0. 0.]
 [0. 1. 0. ... 0. 0. 0.]
 [0. 1. 0. ... 0. 0. 0.]
 ...
 [0. 1. 0. ... 0. 0. 0.]
 [0. 1. 0. ... 0. 0. 0.]
 [0. 1. 0. ... 0. 0. 0.]]",[1 1 1 ... 1 1 1],0.0,"tensor(-0., device='cuda:0')","tensor(1616357.2500, device='cuda:0')","tensor(1616574.6250, device='cuda:0')",1.0,"tensor(-89609.3516, device='cuda:0')","[[0. 1. 0. ... 0. 0. 0.]
 [0. 1. 0. ... 0. 0. 0.]
 [0. 1. 0. ... 0. 0. 0.]
 ...
 [0. 1. 0. ... 0. 0. 0.]
 [0. 1. 0. ... 0. 0. 0.]
 [0. 1. 0. ... 0. 0. 0.]]",[1 1 1 ... 1 1 1],0.0,"tensor(-0., device='cuda:0')","tensor(179260.7031, device='cuda:0')","tensor(179431.9688, device='cuda:0')",1.0,{1: 231633},{1: 25737},no_kmodes
8,73,"GeneralMixtureModel(
  (distributions): ModuleList(
    (0-7): 8 x Categorical()
  )
)","tensor(-808157.6250, device='cuda:0')","[[0. 1. 0. ... 0. 0. 0.]
 [0. 1. 0. ... 0. 0. 0.]
 [0. 1. 0. ... 0. 0. 0.]
 ...
 [0. 1. 0. ... 0. 0. 0.]
 [0. 1. 0. ... 0. 0. 0.]
 [0. 1. 0. ... 0. 0. 0.]]",[1 1 1 ... 1 1 1],0.0,"tensor(-0., device='cuda:0')","tensor(1616363.2500, device='cuda:0')","tensor(1616611.7500, device='cuda:0')",1.0,"tensor(-89609.3516, device='cuda:0')","[[0. 1. 0. ... 0. 0. 0.]
 [0. 1. 0. ... 0. 0. 0.]
 [0. 1. 0. ... 0. 0. 0.]
 ...
 [0. 1. 0. ... 0. 0. 0.]
 [0. 1. 0. ... 0. 0. 0.]
 [0. 1. 0. ... 0. 0. 0.]]",[1 1 1 ... 1 1 1],0.0,"tensor(-0., device='cuda:0')","tensor(179266.7031, device='cuda:0')","tensor(179462.4375, device='cuda:0')",1.0,{1: 231633},{1: 25737},no_kmodes
9,73,"GeneralMixtureModel(
  (distributions): ModuleList(
    (0-8): 9 x Categorical()
  )
)","tensor(-808157.6250, device='cuda:0')","[[0. 1. 0. ... 0. 0. 0.]
 [0. 1. 0. ... 0. 0. 0.]
 [0. 1. 0. ... 0. 0. 0.]
 ...
 [0. 1. 0. ... 0. 0. 0.]
 [0. 1. 0. ... 0. 0. 0.]
 [0. 1. 0. ... 0. 0. 0.]]",[1 1 1 ... 1 1 1],0.0,"tensor(-0., device='cuda:0')","tensor(1616369.2500, device='cuda:0')","tensor(1616648.7500, device='cuda:0')",1.0,"tensor(-89609.3516, device='cuda:0')","[[0. 1. 0. ... 0. 0. 0.]
 [0. 1. 0. ... 0. 0. 0.]
 [0. 1. 0. ... 0. 0. 0.]
 ...
 [0. 1. 0. ... 0. 0. 0.]
 [0. 1. 0. ... 0. 0. 0.]
 [0. 1. 0. ... 0. 0. 0.]]",[1 1 1 ... 1 1 1],0.0,"tensor(-0., device='cuda:0')","tensor(179272.7031, device='cuda:0')","tensor(179492.9062, device='cuda:0')",1.0,{1: 231633},{1: 25737},no_kmodes
2,42,"GeneralMixtureModel(
  (distributions): ModuleList(
    (0-1): 2 x Categorical()
  )
)","tensor(-606603.7387, device='cuda:0', dtype=torch.float64)","[[9.99999983e-01 1.65209806e-08]
 [1.87258283e-04 9.99812742e-01]
 [1.00000000e+00 2.32763675e-11]
 ...
 [1.87258283e-04 9.99812742e-01]
 [1.00000000e+00 6.32741173e-15]
 [3.50175264e-02 9.64982474e-01]]",[0 1 0 ... 1 0 1],0.01867437409733852,"tensor(2.7570e-08, device='cuda:0', dtype=torch.float64)","tensor(1213219.4774, device='cuda:0', dtype=torch.float64)","tensor(1213281.5949, device='cuda:0', dtype=torch.float64)",0.9942505846173475,"tensor(-67249.9013, device='cuda:0', dtype=torch.float64)","[[1.87258283e-04 9.99812742e-01]
 [1.00000000e+00 2.32763675e-11]
 [1.00000000e+00 6.93151921e-14]
 ...
 [1.00000000e+00 1.24210208e-15]
 [1.00000000e+00 1.24210208e-15]
 [1.00000000e+00 4.91981819e-11]]",[1 0 0 ... 0 0 0],0.01868000016549688,"tensor(1.5112e-08, device='cuda:0', dtype=torch.float64)","tensor(134511.8027, device='cuda:0', dtype=torch.float64)","tensor(134560.7368, device='cuda:0', dtype=torch.float64)",0.9942471787495462,"{0: 124861, 1: 106772}","{0: 13975, 1: 11762}",huang
3,42,"GeneralMixtureModel(
  (distributions): ModuleList(
    (0-2): 3 x Categorical()
  )
)","tensor(-606258.6882, device='cuda:0', dtype=torch.float64)","[[9.99960098e-01 3.99020043e-05 6.70676102e-15]
 [4.48625098e-11 1.00000000e+00 2.47756783e-19]
 [9.99999695e-01 6.47489988e-08 2.40161227e-07]
 ...
 [4.48625098e-11 1.00000000e+00 2.47756783e-19]
 [9.99999924e-01 7.56051137e-08 4.19832258e-10]
 [3.54683113e-02 9.64531689e-01 3.74109628e-27]]",[0 1 0 ... 1 0 1],0.01743201024198443,"tensor(2.5761e-08, device='cuda:0', dtype=torch.float64)","tensor(1212535.3764, device='cuda:0', dtype=torch.float64)","tensor(1212628.5526, device='cuda:0', dtype=torch.float64)",0.9947847548602375,"tensor(-67218.6300, device='cuda:0', dtype=torch.float64)","[[4.48625098e-11 1.00000000e+00 2.47756783e-19]
 [9.99999695e-01 6.47489988e-08 2.40161227e-07]
 [9.99999484e-01 5.16304925e-07 8.85346876e-11]
 ...
 [9.99999655e-01 1.47545954e-08 3.29931225e-07]
 [9.99999655e-01 1.47545954e-08 3.29931225e-07]
 [9.99681912e-01 3.18088224e-04 2.47174159e-18]]",[1 0 0 ... 0 0 0],0.017437527927838408,"tensor(1.3958e-08, device='cuda:0', dtype=torch.float64)","tensor(134455.2601, device='cuda:0', dtype=torch.float64)","tensor(134528.6612, device='cuda:0', dtype=torch.float64)",0.9947823296989432,"{0: 122715, 1: 106800, 2: 2118}","{0: 13743, 1: 11767, 2: 227}",huang
4,42,"GeneralMixtureModel(
  (distributions): ModuleList(
    (0-3): 4 x Categorical()
  )
)","tensor(-537843.9774, device='cuda:0', dtype=torch.float64)","[[2.45487723e-08 9.99999975e-01 1.46012729e-18 1.01721174e-11]
 [1.07353141e-09 2.90029322e-04 2.67646300e-12 9.99709970e-01]
 [1.40562543e-12 1.00000000e+00 3.72309804e-12 9.24189913e-15]
 ...
 [1.07353141e-09 2.90029322e-04 2.67646300e-12 9.99709970e-01]
 [9.61767644e-01 3.82323542e-02 1.70593605e-09 5.44018102e-20]
 [4.16068657e-05 1.32458112e-01 2.77346314e-15 8.67500282e-01]]",[1 3 1 ... 3 0 3],0.09120607032693795,"tensor(6.6083e-08, device='cuda:0', dtype=torch.float64)","tensor(1075711.9548, device='cuda:0', dtype=torch.float64)","tensor(1075836.1897, device='cuda:0', dtype=torch.float64)",0.963081966398863,"tensor(-59627.1924, device='cuda:0', dtype=torch.float64)","[[1.07353141e-09 2.90029322e-04 2.67646300e-12 9.99709970e-01]
 [1.40562543e-12 1.00000000e+00 3.72309804e-12 9.24189913e-15]
 [1.27642043e-06 9.99998323e-01 4.00845435e-07 1.63186985e-13]
 ...
 [9.96259289e-01 3.74071028e-03 7.79449518e-10 4.11620931e-21]
 [9.96259289e-01 3.74071028e-03 7.79449518e-10 4.11620931e-21]
 [2.18061434e-02 9.78193856e-01 1.53776142e-13 1.75695821e-10]]",[3 1 1 ... 0 0 1],0.09122235263793628,"tensor(4.0752e-08, device='cuda:0', dtype=torch.float64)","tensor(119278.3848, device='cuda:0', dtype=torch.float64)","tensor(119376.2530, device='cuda:0', dtype=torch.float64)",0.9630979251070816,"{0: 60589, 1: 62853, 2: 1662, 3: 106529}","{0: 6927, 1: 6893, 2: 185, 3: 11732}",huang
5,42,"GeneralMixtureModel(
  (distributions): ModuleList(
    (0-4): 5 x Categorical()
  )
)","tensor(-527942.9337, device='cuda:0', dtype=torch.float64)","[[6.64112255e-03 9.93286374e-01 8.39589770e-11 7.24961416e-05
  6.83422080e-09]
 [1.68026804e-13 7.42858472e-09 1.40005110e-05 9.99985992e-01
  1.01036825e-13]
 [5.31980334e-04 6.17793375e-02 4.90439979e-11 2.00158606e-08
  9.37688662e-01]
 ...
 [1.68026804e-13 7.42858472e-09 1.40005110e-05 9.99985992e-01
  1.01036825e-13]
 [9.88807492e-01 8.82401345e-03 9.35428159e-09 3.89863701e-19
  2.36848557e-03]
 [5.29758882e-05 9.99938257e-01 8.45457420e-12 8.76731426e-06
  9.51584837e-12]]",[1 3 4 ... 3 0 1],0.10139092343356482,"tensor(1.3481e-07, device='cuda:0', dtype=torch.float64)","tensor(1055915.8674, device='cuda:0', dtype=torch.float64)","tensor(1056071.1610, device='cuda:0', dtype=torch.float64)",0.9596260395379934,"tensor(-58506.5927, device='cuda:0', dtype=torch.float64)","[[1.68026804e-13 7.42858472e-09 1.40005110e-05 9.99985992e-01
  1.01036825e-13]
 [5.31980334e-04 6.17793375e-02 4.90439979e-11 2.00158606e-08
  9.37688662e-01]
 [8.61180599e-03 9.26066278e-01 1.01469742e-09 8.02470051e-17
  6.53219152e-02]
 ...
 [9.98669250e-01 1.12366052e-03 1.73053035e-09 2.79242769e-20
  2.07087316e-04]
 [9.98669250e-01 1.12366052e-03 1.73053035e-09 2.79242769e-20
  2.07087316e-04]
 [7.16873295e-03 9.92831267e-01 1.15829739e-10 1.93807818e-14
  3.17462536e-11]]",[3 4 1 ... 0 0 1],0.10141805125135643,"tensor(8.1422e-08, device='cuda:0', dtype=torch.float64)","tensor(117043.1853, device='cuda:0', dtype=torch.float64)","tensor(117165.5206, device='cuda:0', dtype=torch.float64)",0.9596070543755923,"{0: 63049, 1: 38388, 2: 1746, 3: 99434, 4: 29016}","{0: 7165, 1: 4319, 2: 193, 3: 10924, 4: 3136}",huang
6,42,"GeneralMixtureModel(
  (distributions): ModuleList(
    (0-5): 6 x Categorical()
  )
)","tensor(-512984.5411, device='cuda:0', dtype=torch.float64)","[[1.28968326e-02 9.87103001e-01 2.05102310e-10 1.07646123e-10
  3.52494594e-08 1.30392517e-07]
 [5.70098261e-13 7.23790856e-05 8.17125113e-06 9.99919448e-01
  1.46014184e-09 1.42855253e-12]
 [1.16708941e-04 1.86714772e-02 4.57508715e-11 1.12005941e-14
  3.09586413e-09 9.81211811e-01]
 ...
 [5.70098261e-13 7.23790856e-05 8.17125113e-06 9.99919448e-01
  1.46014184e-09 1.42855253e-12]
 [9.87889851e-01 9.26084903e-03 1.78878760e-08 2.85770569e-18
  4.17914474e-04 2.43136728e-03]
 [5.80236409e-05 9.99728116e-01 1.03361711e-11 2.12982372e-04
  8.77386067e-07 1.83826238e-10]]",[1 3 5 ... 3 0 1],0.10951995941948778,"tensor(1.2488e-07, device='cuda:0', dtype=torch.float64)","tensor(1026005.0823, device='cuda:0', dtype=torch.float64)","tensor(1026191.4346, device='cuda:0', dtype=torch.float64)",0.953035812182914,"tensor(-56941.4639, device='cuda:0', dtype=torch.float64)","[[5.70098261e-13 7.23790856e-05 8.17125113e-06 9.99919448e-01
  1.46014184e-09 1.42855253e-12]
 [1.16708941e-04 1.86714772e-02 4.57508715e-11 1.12005941e-14
  3.09586413e-09 9.81211811e-01]
 [3.01328929e-03 8.06629224e-01 1.39554780e-09 7.23800885e-15
  3.30047506e-05 1.90324481e-01]
 ...
 [9.98905266e-01 7.47419192e-04 4.51745057e-09 2.28323830e-19
  4.92255002e-07 3.46818256e-04]
 [9.98905266e-01 7.47419192e-04 4.51745057e-09 2.28323830e-19
  4.92255002e-07 3.46818256e-04]
 [7.74782737e-03 9.92243428e-01 1.45571265e-10 1.61859068e-12
  8.74394894e-06 5.88497890e-10]]",[3 5 1 ... 0 0 1],0.10950965579173592,"tensor(7.6990e-08, device='cuda:0', dtype=torch.float64)","tensor(113918.9277, device='cuda:0', dtype=torch.float64)","tensor(114065.7300, device='cuda:0', dtype=torch.float64)",0.9530302677204275,"{0: 62105, 1: 29351, 2: 1674, 3: 99431, 4: 5378, 5: 33694}","{0: 7066, 1: 3353, 2: 186, 3: 10924, 4: 556, 5: 3652}",huang
7,42,"GeneralMixtureModel(
  (distributions): ModuleList(
    (0-6): 7 x Categorical()
  )
)","tensor(-512923.7161, device='cuda:0', dtype=torch.float64)","[[3.82255175e-03 9.84596349e-01 3.98046711e-13 ... 6.90040875e-12
  1.52799201e-15 1.14349799e-02]
 [2.16196627e-14 1.45183812e-06 1.20170555e-15 ... 2.26717789e-09
  1.71749328e-11 2.63479670e-08]
 [9.99999976e-01 1.57715508e-09 9.54147049e-11 ... 1.62017596e-15
  1.36730538e-09 4.84945229e-09]
 ...
 [2.16196627e-14 1.45183812e-06 1.20170555e-15 ... 2.26717789e-09
  1.71749328e-11 2.63479670e-08]
 [2.18310071e-03 7.61119058e-03 1.56160020e-04 ... 4.38990311e-04
  1.35285711e-08 9.89610465e-01]
 [4.62813772e-12 9.99998408e-01 2.90570849e-14 ... 1.40924995e-06
  2.25537279e-08 1.75263100e-12]]",[1 3 0 ... 3 6 1],0.09048977706849044,"tensor(6.7575e-08, device='cuda:0', dtype=torch.float64)","tensor(1025889.4323, device='cuda:0', dtype=torch.float64)","tensor(1026106.8434, device='cuda:0', dtype=torch.float64)",0.9643885496239284,"tensor(-56933.8623, device='cuda:0', dtype=torch.float64)","[[2.16196627e-14 1.45183812e-06 1.20170555e-15 ... 2.26717789e-09
  1.71749328e-11 2.63479670e-08]
 [9.99999976e-01 1.57715508e-09 9.54147049e-11 ... 1.62017596e-15
  1.36730538e-09 4.84945229e-09]
 [2.71315178e-01 6.05290432e-08 2.21680117e-02 ... 1.23340905e-07
  7.06516626e-01 3.96834267e-15]
 ...
 [3.18209313e-04 7.23830310e-04 1.01449345e-08 ... 5.20771032e-07
  1.18015635e-09 9.98957422e-01]
 [3.18209313e-04 7.23830310e-04 1.01449345e-08 ... 5.20771032e-07
  1.18015635e-09 9.98957422e-01]
 [2.74447784e-05 9.99956186e-01 2.44724800e-06 ... 1.39012194e-05
  2.08934396e-08 2.47619126e-10]]",[3 0 5 ... 6 6 1],0.09087671315270987,"tensor(4.2312e-08, device='cuda:0', dtype=torch.float64)","tensor(113909.7246, device='cuda:0', dtype=torch.float64)","tensor(114080.9940, device='cuda:0', dtype=torch.float64)",0.9641277818768599,"{0: 31890, 1: 22205, 2: 4249, 3: 99684, 4: 5292, 5: 9027, 6: 59286}","{0: 3461, 1: 2544, 2: 501, 3: 10954, 4: 547, 5: 1008, 6: 6722}",huang
8,42,"GeneralMixtureModel(
  (distributions): ModuleList(
    (0-7): 8 x Categorical()
  )
)","tensor(-512928.0246, device='cuda:0', dtype=torch.float64)","[[9.89506923e-01 7.99370869e-06 6.46005485e-05 ... 8.21048405e-20
  1.04202520e-02 2.26613707e-07]
 [2.93350980e-12 3.41171503e-10 1.10782680e-04 ... 6.59145237e-11
  2.48919705e-06 1.68850428e-11]
 [9.99999905e-01 9.24400285e-08 9.50028210e-10 ... 2.34408523e-14
  8.12002735e-10 1.15690484e-16]
 ...
 [2.93350980e-12 3.41171503e-10 1.10782680e-04 ... 6.59145237e-11
  2.48919705e-06 1.68850428e-11]
 [4.76926658e-03 1.32724347e-03 2.08140712e-09 ... 3.57803388e-11
  9.93431779e-01 2.94773621e-13]
 [5.80712059e-10 5.50883723e-08 1.99976843e-01 ... 6.99302071e-08
  5.47973561e-12 8.00021489e-01]]",[0 3 0 ... 3 6 7],0.12463743345017368,"tensor(9.3888e-08, device='cuda:0', dtype=torch.float64)","tensor(1025904.0493, device='cuda:0', dtype=torch.float64)","tensor(1026152.5191, device='cuda:0', dtype=torch.float64)",0.9509259794485626,"tensor(-56940.3519, device='cuda:0', dtype=torch.float64)","[[2.93350980e-12 3.41171503e-10 1.10782680e-04 ... 6.59145237e-11
  2.48919705e-06 1.68850428e-11]
 [9.99999905e-01 9.24400285e-08 9.50028210e-10 ... 2.34408523e-14
  8.12002735e-10 1.15690484e-16]
 [3.65071314e-01 3.25280700e-09 5.11904139e-04 ... 6.34375373e-01
  2.30766570e-15 9.93794244e-13]
 ...
 [6.91137355e-04 1.13652854e-04 8.62703632e-07 ... 4.11680657e-15
  9.99193767e-01 1.95415201e-20]
 [6.91137355e-04 1.13652854e-04 8.62703632e-07 ... 4.11680657e-15
  9.99193767e-01 1.95415201e-20]
 [1.02705794e-02 7.99733924e-09 9.89660848e-01 ... 6.31741961e-08
  8.41962215e-10 5.53457135e-05]]",[3 0 5 ... 6 6 2],0.12440192498579519,"tensor(5.9651e-08, device='cuda:0', dtype=torch.float64)","tensor(113928.7039, device='cuda:0', dtype=torch.float64)","tensor(114124.4403, device='cuda:0', dtype=torch.float64)",0.9510064905652245,"{0: 33671, 1: 7121, 2: 10026, 3: 94839, 4: 5378, 5: 7142, 6: 59795, 7: 13661}","{0: 3626, 1: 753, 2: 1169, 3: 10464, 4: 556, 5: 809, 6: 6803, 7: 1557}",huang
9,42,"GeneralMixtureModel(
  (distributions): ModuleList(
    (0-8): 9 x Categorical()
  )
)","tensor(-512925.8377, device='cuda:0', dtype=torch.float64)","[[9.91472941e-01 8.26937783e-06 6.26327444e-06 ... 8.51242181e-03
  7.88245821e-08 2.52451725e-08]
 [2.77857795e-12 2.71865858e-10 1.00077490e-04 ... 2.06685403e-06
  1.68799447e-11 2.64421837e-09]
 [9.99999900e-01 9.61133529e-08 5.01171542e-11 ... 2.06107280e-09
  3.62735799e-17 2.19897566e-09]
 ...
 [2.77857795e-12 2.71865858e-10 1.00077490e-04 ... 2.06685403e-06
  1.68799447e-11 2.64421837e-09]
 [5.22523405e-03 3.17874591e-03 5.72544082e-09 ... 3.35166012e-08
  3.08767184e-13 2.39104027e-15]
 [5.44515472e-10 3.81867086e-08 2.00593963e-01 ... 7.21136692e-12
  7.99404368e-01 1.51878971e-06]]",[0 3 0 ... 3 4 7],0.12139096919280226,"tensor(9.3634e-08, device='cuda:0', dtype=torch.float64)","tensor(1025905.6755, device='cuda:0', dtype=torch.float64)","tensor(1026185.2041, device='cuda:0', dtype=torch.float64)",0.9527654457977363,"tensor(-56940.3310, device='cuda:0', dtype=torch.float64)","[[2.77857795e-12 2.71865858e-10 1.00077490e-04 ... 2.06685403e-06
  1.68799447e-11 2.64421837e-09]
 [9.99999900e-01 9.61133529e-08 5.01171542e-11 ... 2.06107280e-09
  3.62735799e-17 2.19897566e-09]
 [3.58732638e-01 3.14932591e-09 2.77121488e-04 ... 1.02397435e-14
  1.48434315e-12 5.96496352e-11]
 ...
 [7.56965123e-04 2.71766549e-04 8.55306441e-08 ... 9.98971179e-01
  7.44982935e-21 2.94400126e-18]
 [7.56965123e-04 2.71766549e-04 8.55306441e-08 ... 9.98971179e-01
  7.44982935e-21 2.94400126e-18]
 [1.01645513e-02 7.74360199e-09 9.89743217e-01 ... 1.20860955e-09
  9.21809226e-05 1.95705045e-11]]",[3 0 5 ... 6 6 2],0.12132783731269996,"tensor(5.9131e-08, device='cuda:0', dtype=torch.float64)","tensor(113934.6620, device='cuda:0', dtype=torch.float64)","tensor(114154.8655, device='cuda:0', dtype=torch.float64)",0.9527624070549614,"{0: 33671, 1: 7121, 2: 10026, 3: 94839, 4: 5579, 5: 7142, 6: 54459, 7: 13661, 8: 5135}","{0: 3626, 1: 753, 2: 1169, 3: 10464, 4: 624, 5: 809, 6: 6199, 7: 1557, 8: 536}",huang
2,73,"GeneralMixtureModel(
  (distributions): ModuleList(
    (0-1): 2 x Categorical()
  )
)","tensor(-606603.7464, device='cuda:0', dtype=torch.float64)","[[1.47235698e-11 1.00000000e+00]
 [9.99812709e-01 1.87291023e-04]
 [2.07414725e-14 1.00000000e+00]
 ...
 [9.99812709e-01 1.87291023e-04]
 [6.32500751e-15 1.00000000e+00]
 [9.64980113e-01 3.50198871e-02]]",[1 0 1 ... 0 1 0],0.01867359416240164,"tensor(2.7568e-08, device='cuda:0', dtype=torch.float64)","tensor(1213219.4928, device='cuda:0', dtype=torch.float64)","tensor(1213281.6102, device='cuda:0', dtype=torch.float64)",0.9942510632443937,"tensor(-67249.9586, device='cuda:0', dtype=torch.float64)","[[9.99812709e-01 1.87291023e-04]
 [2.07414725e-14 1.00000000e+00]
 [6.93041700e-14 1.00000000e+00]
 ...
 [1.24161192e-15 1.00000000e+00]
 [1.24161192e-15 1.00000000e+00]
 [4.91964458e-11 1.00000000e+00]]",[0 1 1 ... 1 1 1],0.01867904747193769,"tensor(1.5110e-08, device='cuda:0', dtype=torch.float64)","tensor(134511.9172, device='cuda:0', dtype=torch.float64)","tensor(134560.8513, device='cuda:0', dtype=torch.float64)",0.9942480755750674,"{0: 106772, 1: 124861}","{0: 11762, 1: 13975}",huang
3,73,"GeneralMixtureModel(
  (distributions): ModuleList(
    (0-2): 3 x Categorical()
  )
)","tensor(-537853.2079, device='cuda:0', dtype=torch.float64)","[[1.51329668e-07 9.99999849e-01 1.01913485e-11]
 [1.44342773e-06 3.19784427e-04 9.99678772e-01]
 [1.52955585e-11 1.00000000e+00 9.02759264e-15]
 ...
 [1.44342773e-06 3.19784427e-04 9.99678772e-01]
 [9.61458455e-01 3.85415454e-02 1.79187945e-14]
 [3.87013536e-05 1.30721177e-01 8.69240122e-01]]",[1 2 1 ... 2 0 2],0.05010527736649556,"tensor(6.7103e-08, device='cuda:0', dtype=torch.float64)","tensor(1075724.4158, device='cuda:0', dtype=torch.float64)","tensor(1075817.5920, device='cuda:0', dtype=torch.float64)",0.9837871702253438,"tensor(-59627.9485, device='cuda:0', dtype=torch.float64)","[[1.44342773e-06 3.19784427e-04 9.99678772e-01]
 [1.52955585e-11 1.00000000e+00 9.02759264e-15]
 [2.14182131e-06 9.99997858e-01 1.32642428e-13]
 ...
 [9.96227180e-01 3.77281953e-03 1.35718715e-15]
 [9.96227180e-01 3.77281953e-03 1.35718715e-15]
 [2.07508826e-02 9.79249117e-01 1.46634561e-10]]",[2 1 1 ... 0 0 1],0.05010925767723305,"tensor(4.1430e-08, device='cuda:0', dtype=torch.float64)","tensor(119273.8969, device='cuda:0', dtype=torch.float64)","tensor(119347.2981, device='cuda:0', dtype=torch.float64)",0.9837862316832506,"{0: 61880, 1: 62981, 2: 106772}","{0: 7068, 1: 6907, 2: 11762}",huang
4,73,"GeneralMixtureModel(
  (distributions): ModuleList(
    (0-3): 4 x Categorical()
  )
)","tensor(-528312.3385, device='cuda:0', dtype=torch.float64)","[[2.09812710e-02 9.79017641e-01 8.36121230e-11 1.08793074e-06]
 [4.14237691e-06 1.72914241e-05 9.99978566e-01 1.53117076e-10]
 [6.61210904e-04 9.99338754e-01 1.27864015e-14 3.50238431e-08]
 ...
 [4.14237691e-06 1.72914241e-05 9.99978566e-01 1.53117076e-10]
 [9.95098463e-01 4.90151836e-03 2.01585163e-14 1.85265002e-08]
 [9.77970613e-05 1.71709862e-03 1.10662099e-06 9.98183998e-01]]",[1 2 1 ... 2 0 3],0.06961782112768464,"tensor(9.2595e-08, device='cuda:0', dtype=torch.float64)","tensor(1056648.6769, device='cuda:0', dtype=torch.float64)","tensor(1056772.9118, device='cuda:0', dtype=torch.float64)",0.9697589359383795,"tensor(-58552.5538, device='cuda:0', dtype=torch.float64)","[[4.14237691e-06 1.72914241e-05 9.99978566e-01 1.53117076e-10]
 [6.61210904e-04 9.99338754e-01 1.27864015e-14 3.50238431e-08]
 [9.72622115e-03 1.03537521e-01 2.17660921e-19 8.86736258e-01]
 ...
 [9.99543303e-01 4.56696299e-04 1.65177098e-15 7.38778470e-10]
 [9.99543303e-01 4.56696299e-04 1.65177098e-15 7.38778470e-10]
 [1.10404429e-02 3.62849031e-03 5.09156056e-17 9.85331067e-01]]",[2 1 3 ... 0 0 3],0.06963619752588548,"tensor(5.6852e-08, device='cuda:0', dtype=torch.float64)","tensor(117129.1075, device='cuda:0', dtype=torch.float64)","tensor(117226.9757, device='cuda:0', dtype=torch.float64)",0.9697517719114621,"{0: 63739, 1: 31906, 2: 99656, 3: 36332}","{0: 7264, 1: 3447, 2: 10949, 3: 4077}",huang
5,73,"GeneralMixtureModel(
  (distributions): ModuleList(
    (0-4): 5 x Categorical()
  )
)","tensor(-513073.6814, device='cuda:0', dtype=torch.float64)","[[1.14642617e-02 4.07729577e-12 8.44475156e-11 4.69231699e-01
  5.19304040e-01]
 [2.96140473e-06 3.38197151e-09 9.99989121e-01 1.85669968e-09
  7.91186317e-06]
 [3.04329926e-05 2.13608889e-13 9.03415583e-15 8.90718541e-03
  9.91062382e-01]
 ...
 [2.96140473e-06 3.38197151e-09 9.99989121e-01 1.85669968e-09
  7.91186317e-06]
 [9.88384669e-01 4.35379449e-04 2.09862000e-14 6.53971177e-03
  4.64023936e-03]
 [6.69805423e-05 1.88745014e-06 1.62071934e-04 9.98855985e-01
  9.13075535e-04]]",[4 2 4 ... 2 0 3],0.08676764979855446,"tensor(1.2200e-07, device='cuda:0', dtype=torch.float64)","tensor(1026177.3628, device='cuda:0', dtype=torch.float64)","tensor(1026332.6564, device='cuda:0', dtype=torch.float64)",0.9633204957528617,"tensor(-56955.2418, device='cuda:0', dtype=torch.float64)","[[2.96140473e-06 3.38197151e-09 9.99989121e-01 1.85669968e-09
  7.91186317e-06]
 [3.04329926e-05 2.13608889e-13 9.03415583e-15 8.90718541e-03
  9.91062382e-01]
 [9.45987369e-04 3.32484059e-05 3.90233867e-17 7.73408712e-01
  2.25612052e-01]
 ...
 [9.98962188e-01 5.26187408e-07 1.74804925e-15 3.67124489e-04
  6.70161812e-04]
 [9.98962188e-01 5.26187408e-07 1.74804925e-15 3.67124489e-04
  6.70161812e-04]
 [8.64559249e-03 1.53968443e-05 8.84979230e-15 9.88470933e-01
  2.86807758e-03]]",[2 4 3 ... 0 0 3],0.08668920177792508,"tensor(7.5507e-08, device='cuda:0', dtype=torch.float64)","tensor(113940.4836, device='cuda:0', dtype=torch.float64)","tensor(114062.8189, device='cuda:0', dtype=torch.float64)",0.9633313973930197,"{0: 62875, 1: 5378, 2: 99674, 3: 28686, 4: 35020}","{0: 7184, 1: 556, 2: 10954, 3: 3270, 4: 3773}",huang
6,73,"GeneralMixtureModel(
  (distributions): ModuleList(
    (0-5): 6 x Categorical()
  )
)","tensor(-513080.3843, device='cuda:0', dtype=torch.float64)","[[9.98724549e-03 3.19828663e-08 7.80538198e-11 5.08063198e-01
  1.99212618e-14 4.81949525e-01]
 [3.04328818e-06 2.94137297e-09 9.99902351e-01 1.04161030e-06
  8.72102057e-05 6.35088863e-06]
 [6.39849992e-04 1.26305593e-14 7.33775865e-15 2.15694988e-04
  5.20231071e-15 9.99144455e-01]
 ...
 [3.04328818e-06 2.94137297e-09 9.99902351e-01 1.04161030e-06
  8.72102057e-05 6.35088863e-06]
 [9.94734802e-01 4.46370456e-04 1.69923594e-14 4.81833815e-03
  8.83444299e-08 4.01315418e-07]
 [7.05811172e-05 1.68827684e-06 7.61313890e-07 9.31538996e-01
  6.71695453e-02 1.21842789e-03]]",[3 2 5 ... 2 0 3],0.1096650484110904,"tensor(9.8315e-08, device='cuda:0', dtype=torch.float64)","tensor(1026196.7686, device='cuda:0', dtype=torch.float64)","tensor(1026383.1210, device='cuda:0', dtype=torch.float64)",0.9532425595051638,"tensor(-56959.3969, device='cuda:0', dtype=torch.float64)","[[3.04328818e-06 2.94137297e-09 9.99902351e-01 1.04161030e-06
  8.72102057e-05 6.35088863e-06]
 [6.39849992e-04 1.26305593e-14 7.33775865e-15 2.15694988e-04
  5.20231071e-15 9.99144455e-01]
 [2.04721278e-02 2.02563859e-10 1.14191665e-19 1.26858930e-02
  9.66813241e-01 2.87381514e-05]
 ...
 [9.99615808e-01 5.44860526e-07 1.42702279e-15 3.83587198e-04
  2.30736458e-14 5.95219750e-08]
 [9.99615808e-01 5.44860526e-07 1.42702279e-15 3.83587198e-04
  2.30736458e-14 5.95219750e-08]
 [9.42508306e-03 1.51290268e-05 3.58277710e-17 8.81360494e-01
  1.09198885e-01 4.08871316e-07]]",[2 5 4 ... 0 0 3],0.10961815134313699,"tensor(6.1523e-08, device='cuda:0', dtype=torch.float64)","tensor(113954.7939, device='cuda:0', dtype=torch.float64)","tensor(114101.5962, device='cuda:0', dtype=torch.float64)",0.9532906867508355,"{0: 63928, 1: 5342, 2: 99674, 3: 21876, 4: 8980, 5: 31833}","{0: 7294, 1: 554, 2: 10954, 3: 2497, 4: 995, 5: 3443}",huang
7,73,"GeneralMixtureModel(
  (distributions): ModuleList(
    (0-6): 7 x Categorical()
  )
)","tensor(-512849.2387, device='cuda:0', dtype=torch.float64)","[[1.71572291e-02 2.21468198e-01 6.43268899e-10 ... 2.37356544e-14
  2.40278418e-15 7.53772509e-13]
 [2.89047275e-06 2.13689679e-06 9.99993995e-01 ... 9.75403763e-07
  2.36428834e-11 2.38595345e-09]
 [1.20195656e-03 9.98792473e-01 4.45214969e-14 ... 3.58561548e-14
  5.73444619e-09 2.32509594e-14]
 ...
 [2.89047275e-06 2.13689679e-06 9.99993995e-01 ... 9.75403763e-07
  2.36428834e-11 2.38595345e-09]
 [9.99776925e-01 2.42570842e-10 1.52507642e-14 ... 2.23033891e-07
  2.16872216e-09 2.19490264e-04]
 [8.39956509e-05 3.07125697e-04 8.25064012e-06 ... 6.14003892e-04
  7.94996654e-09 1.63407477e-06]]",[3 2 1 ... 2 0 3],0.11735333532758226,"tensor(1.1226e-07, device='cuda:0', dtype=torch.float64)","tensor(1025740.4773, device='cuda:0', dtype=torch.float64)","tensor(1025957.8884, device='cuda:0', dtype=torch.float64)",0.9528324009975311,"tensor(-56927.7412, device='cuda:0', dtype=torch.float64)","[[2.89047275e-06 2.13689679e-06 9.99993995e-01 ... 9.75403763e-07
  2.36428834e-11 2.38595345e-09]
 [1.20195656e-03 9.98792473e-01 4.45214969e-14 ... 3.58561548e-14
  5.73444619e-09 2.32509594e-14]
 [2.68143633e-02 3.18578731e-08 1.24229202e-18 ... 9.72940656e-01
  1.59531725e-07 1.06435030e-05]
 ...
 [9.99999412e-01 3.64131715e-11 1.18303304e-15 ... 9.26283403e-15
  3.59770366e-17 2.68750091e-07]
 [9.99999412e-01 3.64131715e-11 1.18303304e-15 ... 9.26283403e-15
  3.59770366e-17 2.68750091e-07]
 [1.15757619e-02 2.13637207e-10 5.42838219e-16 ... 1.94781501e-02
  2.02159939e-15 1.04353719e-05]]",[2 1 4 ... 0 0 3],0.11747313744646451,"tensor(6.8578e-08, device='cuda:0', dtype=torch.float64)","tensor(113897.4824, device='cuda:0', dtype=torch.float64)","tensor(114068.7518, device='cuda:0', dtype=torch.float64)",0.9527104502616401,"{0: 64456, 1: 22251, 2: 99658, 3: 16630, 4: 3257, 5: 20039, 6: 5342}","{0: 7317, 1: 2422, 2: 10949, 3: 1901, 4: 377, 5: 2217, 6: 554}",huang
8,73,"GeneralMixtureModel(
  (distributions): ModuleList(
    (0-7): 8 x Categorical()
  )
)","tensor(-512819.2149, device='cuda:0', dtype=torch.float64)","[[2.10012232e-02 3.14469778e-01 9.35008380e-11 ... 3.81802128e-22
  6.92826272e-13 4.74136951e-10]
 [2.97633331e-06 4.41740639e-06 9.99992187e-01 ... 1.44379507e-13
  4.27812721e-09 1.75377289e-14]
 [1.41076729e-03 9.98560008e-01 1.13123938e-14 ... 1.61804217e-16
  1.05607839e-14 4.28769423e-15]
 ...
 [2.97633331e-06 4.41740639e-06 9.99992187e-01 ... 1.44379507e-13
  4.27812721e-09 1.75377289e-14]
 [9.99765112e-01 1.28962277e-15 2.01117214e-14 ... 2.22060983e-09
  2.34647168e-04 5.70774834e-09]
 [8.65843112e-05 9.13026699e-04 7.47096925e-08 ... 4.25786781e-08
  2.59346692e-06 4.57989209e-12]]",[3 2 1 ... 2 0 3],0.10412838277532491,"tensor(6.2311e-08, device='cuda:0', dtype=torch.float64)","tensor(1025686.4298, device='cuda:0', dtype=torch.float64)","tensor(1025934.8997, device='cuda:0', dtype=torch.float64)",0.960189518855155,"tensor(-56925.9135, device='cuda:0', dtype=torch.float64)","[[2.97633331e-06 4.41740639e-06 9.99992187e-01 ... 1.44379507e-13
  4.27812721e-09 1.75377289e-14]
 [1.41076729e-03 9.98560008e-01 1.13123938e-14 ... 1.61804217e-16
  1.05607839e-14 4.28769423e-15]
 [2.68466467e-02 5.20075457e-08 1.80690311e-20 ... 1.42074614e-07
  6.66583105e-06 1.22280700e-14]
 ...
 [9.99999716e-01 1.83899235e-16 1.57315590e-15 ... 2.66248716e-17
  2.83802092e-07 1.26804612e-15]
 [9.99999716e-01 1.83899235e-16 1.57315590e-15 ... 2.66248716e-17
  2.83802092e-07 1.26804612e-15]
 [1.19553241e-02 4.89951913e-10 4.46765690e-18 ... 1.00287613e-14
  1.30817308e-05 4.04502344e-11]]",[2 1 4 ... 0 0 3],0.10433783436653468,"tensor(3.8608e-08, device='cuda:0', dtype=torch.float64)","tensor(113899.8270, device='cuda:0', dtype=torch.float64)","tensor(114095.5634, device='cuda:0', dtype=torch.float64)",0.960090287815642,"{0: 64456, 1: 31542, 2: 99674, 3: 17599, 4: 3257, 5: 7249, 6: 5342, 7: 2514}","{0: 7317, 1: 3417, 2: 10954, 3: 2010, 4: 377, 5: 821, 6: 554, 7: 287}",huang
9,73,"GeneralMixtureModel(
  (distributions): ModuleList(
    (0-8): 9 x Categorical()
  )
)","tensor(-512816.7289, device='cuda:0', dtype=torch.float64)","[[2.10914827e-02 3.41278213e-01 8.79105140e-11 ... 7.22692192e-13
  5.11334229e-10 2.11131246e-17]
 [3.00315364e-06 4.79642237e-06 9.99992196e-01 ... 4.60255033e-09
  1.86129540e-14 1.40729887e-16]
 [1.40852855e-03 9.98562332e-01 1.07220712e-14 ... 1.58970051e-14
  4.84921479e-15 1.63297010e-11]
 ...
 [3.00315364e-06 4.79642237e-06 9.99992196e-01 ... 4.60255033e-09
  1.86129540e-14 1.40729887e-16]
 [9.99769174e-01 1.37625973e-15 2.32711596e-14 ... 2.30555648e-04
  7.28429557e-09 5.98622378e-13]
 [8.73696677e-05 9.94231406e-04 7.49562252e-08 ... 2.76010579e-06
  4.84629857e-12 9.58583786e-21]]",[3 2 1 ... 2 0 3],0.08929858250090973,"tensor(6.2881e-08, device='cuda:0', dtype=torch.float64)","tensor(1025687.4579, device='cuda:0', dtype=torch.float64)","tensor(1025966.9864, device='cuda:0', dtype=torch.float64)",0.965498455114278,"tensor(-56924.9841, device='cuda:0', dtype=torch.float64)","[[3.00315364e-06 4.79642237e-06 9.99992196e-01 ... 4.60255033e-09
  1.86129540e-14 1.40729887e-16]
 [1.40852855e-03 9.98562332e-01 1.07220712e-14 ... 1.58970051e-14
  4.84921479e-15 1.63297010e-11]
 [2.68333209e-02 5.34154638e-08 2.09351257e-20 ... 9.89198564e-06
  1.58791821e-14 1.20623595e-07]
 ...
 [9.99999721e-01 1.96196444e-16 1.81927383e-15 ... 2.78965863e-07
  1.79841134e-15 3.00552066e-14]
 [9.99999721e-01 1.96196444e-16 1.81927383e-15 ... 2.78965863e-07
  1.79841134e-15 3.00552066e-14]
 [1.20922809e-02 5.49404506e-10 5.16572020e-18 ... 1.35336167e-05
  5.03910133e-11 4.69353135e-15]]",[2 1 4 ... 0 0 3],0.08951220162605192,"tensor(3.9012e-08, device='cuda:0', dtype=torch.float64)","tensor(113903.9683, device='cuda:0', dtype=torch.float64)","tensor(114124.1718, device='cuda:0', dtype=torch.float64)",0.9653718783083016,"{0: 64459, 1: 31537, 2: 99674, 3: 17599, 4: 3178, 5: 7249, 6: 5342, 7: 2511, 8: 84}","{0: 7318, 1: 3416, 2: 10954, 3: 2010, 4: 369, 5: 821, 6: 554, 7: 286, 8: 9}",huang
2,42,"GeneralMixtureModel(
  (distributions): ModuleList(
    (0-1): 2 x Categorical()
  )
)","tensor(-606603.7464, device='cuda:0', dtype=torch.float64)","[[1.47235698e-11 1.00000000e+00]
 [9.99812709e-01 1.87291023e-04]
 [2.07414725e-14 1.00000000e+00]
 ...
 [9.99812709e-01 1.87291023e-04]
 [6.32500751e-15 1.00000000e+00]
 [9.64980113e-01 3.50198871e-02]]",[1 0 1 ... 0 1 0],0.018674153998273775,"tensor(2.7568e-08, device='cuda:0', dtype=torch.float64)","tensor(1213219.4928, device='cuda:0', dtype=torch.float64)","tensor(1213281.6102, device='cuda:0', dtype=torch.float64)",0.9942506593507321,"tensor(-67249.9586, device='cuda:0', dtype=torch.float64)","[[9.99812709e-01 1.87291023e-04]
 [2.07414725e-14 1.00000000e+00]
 [6.93041700e-14 1.00000000e+00]
 ...
 [1.24161192e-15 1.00000000e+00]
 [1.24161192e-15 1.00000000e+00]
 [4.91964458e-11 1.00000000e+00]]",[0 1 1 ... 1 1 1],0.018679713715569042,"tensor(1.5110e-08, device='cuda:0', dtype=torch.float64)","tensor(134511.9172, device='cuda:0', dtype=torch.float64)","tensor(134560.8513, device='cuda:0', dtype=torch.float64)",0.9942473748534182,"{0: 106772, 1: 124861}","{0: 11762, 1: 13975}",random
3,42,"GeneralMixtureModel(
  (distributions): ModuleList(
    (0-2): 3 x Categorical()
  )
)","tensor(-537853.1983, device='cuda:0', dtype=torch.float64)","[[1.01913241e-11 1.42726939e-07 9.99999857e-01]
 [9.99678758e-01 1.44341180e-06 3.19798338e-04]
 [9.02742244e-15 1.31981552e-11 1.00000000e+00]
 ...
 [9.99678758e-01 1.44341180e-06 3.19798338e-04]
 [1.79184458e-14 9.61458386e-01 3.85416139e-02]
 [8.69239578e-01 3.87008987e-05 1.30721721e-01]]",[2 0 2 ... 0 1 0],0.05401633168732093,"tensor(6.7101e-08, device='cuda:0', dtype=torch.float64)","tensor(1075724.3966, device='cuda:0', dtype=torch.float64)","tensor(1075817.5728, device='cuda:0', dtype=torch.float64)",0.9831079822385336,"tensor(-59627.9532, device='cuda:0', dtype=torch.float64)","[[9.99678758e-01 1.44341180e-06 3.19798338e-04]
 [9.02742244e-15 1.31981552e-11 1.00000000e+00]
 [1.32637769e-13 1.95950025e-06 9.99998040e-01]
 ...
 [1.35716053e-15 9.96227171e-01 3.77282928e-03]
 [1.35716053e-15 9.96227171e-01 3.77282928e-03]
 [1.46632384e-10 2.07506949e-02 9.79249305e-01]]",[0 2 2 ... 1 1 2],0.05376860301125832,"tensor(4.1428e-08, device='cuda:0', dtype=torch.float64)","tensor(119273.9064, device='cuda:0', dtype=torch.float64)","tensor(119347.3076, device='cuda:0', dtype=torch.float64)",0.9831958637615207,"{0: 106772, 1: 61880, 2: 62981}","{0: 11762, 1: 7068, 2: 6907}",random
4,42,"GeneralMixtureModel(
  (distributions): ModuleList(
    (0-3): 4 x Categorical()
  )
)","tensor(-528085.7560, device='cuda:0', dtype=torch.float64)","[[2.22881801e-02 9.77704328e-01 7.49207672e-06 8.36042117e-11]
 [4.24293728e-06 1.75825619e-05 3.53494336e-07 9.99977821e-01]
 [7.62050711e-04 9.99237601e-01 3.48597386e-07 1.29207041e-14]
 ...
 [4.24293728e-06 1.75825619e-05 3.53494336e-07 9.99977821e-01]
 [9.95693867e-01 4.30604830e-03 8.50847093e-08 2.01739819e-14]
 [8.66033805e-05 9.11946350e-04 5.76831201e-01 4.22170249e-01]]",[1 3 1 ... 3 0 2],0.07351383905011091,"tensor(1.0722e-07, device='cuda:0', dtype=torch.float64)","tensor(1056195.5119, device='cuda:0', dtype=torch.float64)","tensor(1056319.7468, device='cuda:0', dtype=torch.float64)",0.9709578200910902,"tensor(-58525.9392, device='cuda:0', dtype=torch.float64)","[[4.24293728e-06 1.75825619e-05 3.53494336e-07 9.99977821e-01]
 [7.62050711e-04 9.99237601e-01 3.48597386e-07 1.29207041e-14]
 [8.81605590e-03 4.85569352e-02 9.42627009e-01 7.99627016e-14]
 ...
 [9.99599626e-01 4.00367993e-04 5.97831644e-09 1.65578811e-15]
 [9.99599626e-01 4.00367993e-04 5.97831644e-09 1.65578811e-15]
 [1.25386164e-02 2.31033301e-03 9.85151051e-01 2.51601937e-11]]",[3 1 2 ... 0 0 2],0.07357138279032996,"tensor(6.6383e-08, device='cuda:0', dtype=torch.float64)","tensor(117075.8783, device='cuda:0', dtype=torch.float64)","tensor(117173.7466, device='cuda:0', dtype=torch.float64)",0.9709303169901252,"{0: 64792, 1: 30291, 2: 36894, 3: 99656}","{0: 7374, 1: 3277, 2: 4137, 3: 10949}",random
5,42,"GeneralMixtureModel(
  (distributions): ModuleList(
    (0-4): 5 x Categorical()
  )
)","tensor(-512986.7738, device='cuda:0', dtype=torch.float64)","[[1.46686703e-02 1.64566116e-12 6.56243928e-01 6.83925962e-11
  3.29087402e-01]
 [2.87245812e-06 2.95058821e-09 1.95298033e-04 9.99797386e-01
  4.44088288e-06]
 [1.93506952e-04 9.35417091e-14 1.66079545e-02 7.05656685e-15
  9.83198539e-01]
 ...
 [2.87245812e-06 2.95058821e-09 1.95298033e-04 9.99797386e-01
  4.44088288e-06]
 [9.88083324e-01 4.13733233e-04 9.03680441e-03 1.56264066e-14
  2.46613870e-03]
 [5.84098451e-05 1.62125297e-06 6.82425572e-01 3.17107684e-01
  4.06712943e-04]]",[2 3 4 ... 3 0 2],0.10248821056448221,"tensor(1.5246e-07, device='cuda:0', dtype=torch.float64)","tensor(1026003.5477, device='cuda:0', dtype=torch.float64)","tensor(1026158.8413, device='cuda:0', dtype=torch.float64)",0.9574168987642688,"tensor(-56945.7952, device='cuda:0', dtype=torch.float64)","[[2.87245812e-06 2.95058821e-09 1.95298033e-04 9.99797386e-01
  4.44088288e-06]
 [1.93506952e-04 9.35417091e-14 1.66079545e-02 7.05656685e-15
  9.83198539e-01]
 [3.97818075e-03 2.95282354e-05 8.66818921e-01 5.37520837e-14
  1.29173370e-01]
 ...
 [9.99048340e-01 4.95225727e-07 5.97686579e-04 1.27799560e-15
  3.53478431e-04]
 [9.99048340e-01 4.95225727e-07 5.97686579e-04 1.27799560e-15
  3.53478431e-04]
 [8.71654049e-03 1.50154692e-05 9.90018735e-01 1.50583014e-11
  1.24970939e-03]]",[3 4 2 ... 0 0 2],0.1022588223584541,"tensor(9.4836e-08, device='cuda:0', dtype=torch.float64)","tensor(113921.5905, device='cuda:0', dtype=torch.float64)","tensor(114043.9258, device='cuda:0', dtype=torch.float64)",0.957473020113264,"{0: 63658, 1: 5378, 2: 38416, 3: 99672, 4: 24509}","{0: 7245, 1: 556, 2: 4313, 3: 10954, 4: 2669}",random
6,42,"GeneralMixtureModel(
  (distributions): ModuleList(
    (0-5): 6 x Categorical()
  )
)","tensor(-528085.5211, device='cuda:0', dtype=torch.float64)","[[2.23608378e-02 9.77619803e-01 1.93586137e-05 8.40014633e-11
  6.70428662e-15 6.70428662e-15]
 [4.24491615e-06 1.75640105e-05 9.70444903e-07 9.95030907e-01
  2.47315697e-03 2.47315697e-03]
 [7.65160362e-04 9.99233936e-01 9.03530524e-07 1.30447889e-14
  1.49935385e-22 1.49935385e-22]
 ...
 [4.24491615e-06 1.75640105e-05 9.70444903e-07 9.95030907e-01
  2.47315697e-03 2.47315697e-03]
 [9.95715520e-01 4.28427786e-03 2.02373669e-07 2.03662557e-14
  2.07950933e-22 2.07950933e-22]
 [8.66271585e-05 8.99922694e-04 5.75065102e-01 4.23948290e-01
  2.91722293e-08 2.91722293e-08]]",[1 3 1 ... 3 0 2],0.15994783017245826,"tensor(1.2566e-07, device='cuda:0', dtype=torch.float64)","tensor(1056207.0422, device='cuda:0', dtype=torch.float64)","tensor(1056393.3946, device='cuda:0', dtype=torch.float64)",0.9276319495640678,"tensor(-58525.9094, device='cuda:0', dtype=torch.float64)","[[4.24491615e-06 1.75640105e-05 9.70444903e-07 9.95030907e-01
  2.47315697e-03 2.47315697e-03]
 [7.65160362e-04 9.99233936e-01 9.03530524e-07 1.30447889e-14
  1.49935385e-22 1.49935385e-22]
 [8.81707896e-03 4.78587911e-02 9.43324130e-01 8.09870310e-14
  3.05841691e-22 3.05841691e-22]
 ...
 [9.99601691e-01 3.98293561e-04 1.54370731e-08 1.67166104e-15
  2.65511753e-23 2.65511753e-23]
 [9.99601691e-01 3.98293561e-04 1.54370731e-08 1.67166104e-15
  2.65511753e-23 2.65511753e-23]
 [1.25595423e-02 2.28232749e-03 9.85158130e-01 2.54202480e-11
  6.66590012e-16 6.66590012e-16]]",[3 1 2 ... 0 0 2],0.15937945754828572,"tensor(7.7661e-08, device='cuda:0', dtype=torch.float64)","tensor(117087.8189, device='cuda:0', dtype=torch.float64)","tensor(117234.6212, device='cuda:0', dtype=torch.float64)",0.9278472789506551,"{0: 64792, 1: 30291, 2: 36894, 3: 99656}","{0: 7374, 1: 3277, 2: 4137, 3: 10949}",random
7,42,"GeneralMixtureModel(
  (distributions): ModuleList(
    (0-6): 7 x Categorical()
  )
)","tensor(-512860.0065, device='cuda:0', dtype=torch.float64)","[[1.79444143e-03 3.35451631e-01 6.19671417e-01 ... 1.03609100e-13
  4.30802831e-02 4.94428410e-07]
 [2.81387961e-06 1.40364339e-12 4.68398700e-11 ... 8.72796862e-03
  1.73698335e-13 3.45934103e-09]
 [5.75745791e-06 7.82888187e-01 1.58522419e-02 ... 2.05168054e-21
  2.01253778e-01 3.49814481e-08]
 ...
 [2.81387961e-06 1.40364339e-12 4.68398700e-11 ... 8.72796862e-03
  1.73698335e-13 3.45934103e-09]
 [9.88517545e-01 2.58434970e-03 8.47525359e-03 ... 1.33275560e-22
  1.30957411e-09 4.22850059e-04]
 [5.89983010e-05 6.44426427e-04 6.82048844e-01 ... 9.85783426e-08
  4.70944274e-19 1.83832028e-06]]",[2 3 1 ... 3 0 2],0.09871552383868332,"tensor(2.1145e-07, device='cuda:0', dtype=torch.float64)","tensor(1025762.0129, device='cuda:0', dtype=torch.float64)","tensor(1025979.4240, device='cuda:0', dtype=torch.float64)",0.9596686703042197,"tensor(-56931.5586, device='cuda:0', dtype=torch.float64)","[[2.81387961e-06 1.40364339e-12 4.68398700e-11 ... 8.72796862e-03
  1.73698335e-13 3.45934103e-09]
 [5.75745791e-06 7.82888187e-01 1.58522419e-02 ... 2.05168054e-21
  2.01253778e-01 3.49814481e-08]
 [9.48861195e-04 1.37937558e-01 8.61074470e-01 ... 5.16943814e-22
  6.91350864e-09 3.91031654e-05]
 ...
 [9.98012669e-01 2.96459333e-04 5.89199952e-04 ... 2.80572197e-23
  1.10116513e-03 5.06228244e-07]
 [9.98012669e-01 2.96459333e-04 5.89199952e-04 ... 2.80572197e-23
  1.10116513e-03 5.06228244e-07]
 [8.69417229e-03 1.73755807e-03 9.89552021e-01 ... 7.67466399e-16
  4.35070660e-11 1.62481750e-05]]",[3 1 2 ... 0 0 2],0.098381597454335,"tensor(1.3167e-07, device='cuda:0', dtype=torch.float64)","tensor(113905.1172, device='cuda:0', dtype=torch.float64)","tensor(114076.3866, device='cuda:0', dtype=torch.float64)",0.9597376974697408,"{0: 62875, 1: 23656, 2: 38403, 3: 99674, 5: 1647, 6: 5378}","{0: 7184, 1: 2579, 2: 4312, 3: 10954, 5: 152, 6: 556}",random
8,42,"GeneralMixtureModel(
  (distributions): ModuleList(
    (0-7): 8 x Categorical()
  )
)","tensor(-512898.0329, device='cuda:0', dtype=torch.float64)","[[1.71206967e-02 9.82715421e-01 2.62863620e-07 ... 6.08333747e-15
  8.18043023e-08 9.01501436e-08]
 [3.35765009e-06 2.12115451e-12 1.31941397e-11 ... 1.92208991e-17
  8.23369012e-09 8.52633323e-11]
 [2.86910986e-04 9.99713042e-01 8.06442320e-09 ... 7.57706828e-09
  2.44593744e-09 5.78357483e-09]
 ...
 [3.35765009e-06 2.12115451e-12 1.31941397e-11 ... 1.92208991e-17
  8.23369012e-09 8.52633323e-11]
 [9.67731326e-01 1.91799758e-03 2.99964665e-02 ... 8.90409656e-07
  3.53319181e-04 9.55683283e-25]
 [8.97624501e-07 5.78143477e-11 2.12698183e-01 ... 4.12671644e-23
  4.53384342e-06 2.37160125e-01]]",[1 3 1 ... 3 0 3],0.13961024970117927,"tensor(1.6961e-07, device='cuda:0', dtype=torch.float64)","tensor(1025844.0659, device='cuda:0', dtype=torch.float64)","tensor(1026092.5357, device='cuda:0', dtype=torch.float64)",0.9413431405231611,"tensor(-56934.8158, device='cuda:0', dtype=torch.float64)","[[3.35765009e-06 2.12115451e-12 1.31941397e-11 ... 1.92208991e-17
  8.23369012e-09 8.52633323e-11]
 [2.86910986e-04 9.99713042e-01 8.06442320e-09 ... 7.57706828e-09
  2.44593744e-09 5.78357483e-09]
 [6.75038351e-05 4.58973389e-09 9.99906149e-01 ... 5.27767642e-09
  2.63243613e-05 1.30838814e-08]
 ...
 [9.99730145e-01 2.69376099e-04 3.13772498e-09 ... 3.71383405e-11
  4.75630557e-07 1.76980288e-26]
 [9.99730145e-01 2.69376099e-04 3.13772498e-09 ... 3.71383405e-11
  4.75630557e-07 1.76980288e-26]
 [1.23572231e-04 1.38406891e-10 9.99849412e-01 ... 1.29987642e-16
  2.70088955e-05 6.25639891e-09]]",[3 1 2 ... 0 0 2],0.13893159397589294,"tensor(1.0607e-07, device='cuda:0', dtype=torch.float64)","tensor(113917.6315, device='cuda:0', dtype=torch.float64)","tensor(114113.3679, device='cuda:0', dtype=torch.float64)",0.9416354100780637,"{0: 60841, 1: 24638, 2: 12609, 3: 106793, 5: 816, 6: 5342, 7: 20594}","{0: 6901, 1: 2683, 2: 1496, 3: 11767, 5: 83, 6: 554, 7: 2253}",random
9,42,"GeneralMixtureModel(
  (distributions): ModuleList(
    (0-8): 9 x Categorical()
  )
)","tensor(-512892.0301, device='cuda:0', dtype=torch.float64)","[[2.69552156e-02 9.72888884e-01 1.35101676e-08 ... 8.52982774e-12
  2.68817688e-08 7.51183755e-22]
 [3.93009047e-06 5.00338678e-13 5.47668237e-20 ... 1.01252976e-08
  3.04029282e-11 2.75024603e-18]
 [1.39773561e-03 9.98602237e-01 4.06928240e-10 ... 1.12934238e-19
  1.70958950e-09 2.90582093e-23]
 ...
 [3.93009047e-06 5.00338678e-13 5.47668237e-20 ... 1.01252976e-08
  3.04029282e-11 2.75024603e-18]
 [9.96207080e-01 1.67502831e-26 5.77973115e-09 ... 4.63173357e-04
  9.26033289e-27 1.96054788e-10]
 [8.10994859e-13 6.49260501e-12 1.05903216e-09 ... 5.59571218e-06
  3.38161735e-01 3.06584408e-09]]",[1 3 1 ... 3 0 3],0.10721026484438959,"tensor(9.1234e-08, device='cuda:0', dtype=torch.float64)","tensor(1025838.0603, device='cuda:0', dtype=torch.float64)","tensor(1026117.5888, device='cuda:0', dtype=torch.float64)",0.9562167475655778,"tensor(-56944.4214, device='cuda:0', dtype=torch.float64)","[[3.93009047e-06 5.00338678e-13 5.47668237e-20 ... 1.01252976e-08
  3.04029282e-11 2.75024603e-18]
 [1.39773561e-03 9.98602237e-01 4.06928240e-10 ... 1.12934238e-19
  1.70958950e-09 2.90582093e-23]
 [1.89484824e-10 2.07938824e-17 9.99999990e-01 ... 1.67832744e-11
  8.56175151e-09 1.26255268e-16]
 ...
 [9.99999360e-01 9.24089204e-19 1.67800918e-10 ... 6.39655172e-07
  2.35729331e-27 2.52289689e-16]
 [9.99999360e-01 9.24089204e-19 1.67800918e-10 ... 6.39655172e-07
  2.35729331e-27 2.52289689e-16]
 [1.10060959e-10 6.10164666e-19 9.99961816e-01 ... 3.81796913e-05
  4.05479472e-09 9.83030752e-17]]",[3 1 2 ... 0 0 2],0.10658107904616188,"tensor(5.7971e-08, device='cuda:0', dtype=torch.float64)","tensor(113942.8428, device='cuda:0', dtype=torch.float64)","tensor(114163.0463, device='cuda:0', dtype=torch.float64)",0.9565218376297692,"{0: 62087, 1: 12761, 2: 10308, 3: 106793, 4: 10824, 5: 816, 6: 5342, 7: 20974, 8: 1728}","{0: 7042, 1: 1432, 2: 1219, 3: 11767, 4: 1141, 5: 83, 6: 554, 7: 2299, 8: 200}",random
2,73,"GeneralMixtureModel(
  (distributions): ModuleList(
    (0-1): 2 x Categorical()
  )
)","tensor(-606603.7566, device='cuda:0', dtype=torch.float64)","[[1.00000000e+00 1.47225639e-11]
 [1.87325545e-04 9.99812674e-01]
 [1.00000000e+00 2.07379442e-14]
 ...
 [1.87325545e-04 9.99812674e-01]
 [1.00000000e+00 6.32299080e-15]
 [3.50221959e-02 9.64977804e-01]]",[0 1 0 ... 1 0 1],0.01867427500058986,"tensor(2.7565e-08, device='cuda:0', dtype=torch.float64)","tensor(1213219.5132, device='cuda:0', dtype=torch.float64)","tensor(1213281.6307, device='cuda:0', dtype=torch.float64)",0.9942507409551224,"tensor(-67250.0240, device='cuda:0', dtype=torch.float64)","[[1.87325545e-04 9.99812674e-01]
 [1.00000000e+00 2.07379442e-14]
 [1.00000000e+00 6.92949909e-14]
 ...
 [1.00000000e+00 1.24119813e-15]
 [1.00000000e+00 1.24119813e-15]
 [1.00000000e+00 4.91948441e-11]]",[1 0 0 ... 0 0 0],0.018679753629964685,"tensor(1.5108e-08, device='cuda:0', dtype=torch.float64)","tensor(134512.0480, device='cuda:0', dtype=torch.float64)","tensor(134560.9821, device='cuda:0', dtype=torch.float64)",0.9942475949920964,"{0: 124861, 1: 106772}","{0: 13975, 1: 11762}",random
3,73,"GeneralMixtureModel(
  (distributions): ModuleList(
    (0-2): 3 x Categorical()
  )
)","tensor(-537853.2339, device='cuda:0', dtype=torch.float64)","[[1.01914589e-11 9.99999704e-01 2.95875857e-07]
 [9.99678783e-01 3.19773392e-04 1.44355362e-06]
 [9.02782518e-15 1.00000000e+00 5.18259973e-11]
 ...
 [9.99678783e-01 3.19773392e-04 1.44355362e-06]
 [1.79192256e-14 3.85405425e-02 9.61459457e-01]
 [8.69240364e-01 1.30720931e-01 3.87049399e-05]]",[1 0 1 ... 0 2 0],0.06601479607140823,"tensor(6.7110e-08, device='cuda:0', dtype=torch.float64)","tensor(1075724.4677, device='cuda:0', dtype=torch.float64)","tensor(1075817.6439, device='cuda:0', dtype=torch.float64)",0.9795767645819874,"tensor(-59627.9490, device='cuda:0', dtype=torch.float64)","[[9.99678783e-01 3.19773392e-04 1.44355362e-06]
 [9.02782518e-15 1.00000000e+00 5.18259973e-11]
 [1.32648609e-13 9.99996288e-01 3.71211002e-06]
 ...
 [1.35722402e-15 3.77268455e-03 9.96227315e-01]
 [1.35722402e-15 3.77268455e-03 9.96227315e-01]
 [1.46638890e-10 9.79247196e-01 2.07528037e-02]]",[0 1 1 ... 2 2 1],0.06613925347467182,"tensor(4.1435e-08, device='cuda:0', dtype=torch.float64)","tensor(119273.8981, device='cuda:0', dtype=torch.float64)","tensor(119347.2992, device='cuda:0', dtype=torch.float64)",0.9795404791271258,"{0: 106772, 1: 62981, 2: 61880}","{0: 11762, 1: 6907, 2: 7068}",random
4,73,"GeneralMixtureModel(
  (distributions): ModuleList(
    (0-3): 4 x Categorical()
  )
)","tensor(-529632.8946, device='cuda:0', dtype=torch.float64)","[[9.66807148e-11 5.44621031e-01 4.55378909e-01 5.97844214e-08]
 [9.99930706e-01 6.27922840e-05 3.52305332e-06 2.97900291e-06]
 [8.16308333e-15 2.10333729e-02 9.78966627e-01 1.99103709e-15]
 ...
 [9.99930706e-01 6.27922840e-05 3.52305332e-06 2.97900291e-06]
 [1.66175128e-14 3.42650447e-02 3.83774976e-03 9.61897206e-01]
 [6.98901062e-01 3.01027033e-01 1.57815991e-08 7.18889825e-05]]",[1 0 2 ... 0 3 0],0.10080295840058673,"tensor(1.1582e-07, device='cuda:0', dtype=torch.float64)","tensor(1059289.7892, device='cuda:0', dtype=torch.float64)","tensor(1059414.0241, device='cuda:0', dtype=torch.float64)",0.9512446071111185,"tensor(-58697.5446, device='cuda:0', dtype=torch.float64)","[[9.99930706e-01 6.27922840e-05 3.52305332e-06 2.97900291e-06]
 [8.16308333e-15 2.10333729e-02 9.78966627e-01 1.99103709e-15]
 [1.55653845e-13 9.99992490e-01 7.49323273e-06 1.65150798e-08]
 ...
 [1.70942639e-15 3.66654012e-04 8.61909009e-04 9.98771437e-01]
 [1.70942639e-15 3.66654012e-04 8.61909009e-04 9.98771437e-01]
 [6.98593217e-11 9.81208074e-01 1.32084936e-07 1.87917941e-02]]",[0 2 1 ... 3 3 1],0.10085568854034355,"tensor(7.0698e-08, device='cuda:0', dtype=torch.float64)","tensor(117419.0893, device='cuda:0', dtype=torch.float64)","tensor(117516.9575, device='cuda:0', dtype=torch.float64)",0.9512303425347387,"{0: 106788, 1: 39012, 2: 23250, 3: 62583}","{0: 11767, 1: 4317, 2: 2512, 3: 7141}",random
5,73,"GeneralMixtureModel(
  (distributions): ModuleList(
    (0-4): 5 x Categorical()
  )
)","tensor(-512999.9486, device='cuda:0', dtype=torch.float64)","[[8.22500470e-11 5.67450769e-01 4.19151748e-01 1.33974829e-02
  1.26696794e-12]
 [9.99987873e-01 9.00546758e-06 1.44922295e-08 3.10268145e-06
  4.17745355e-09]
 [8.88059588e-15 9.89735669e-01 1.02643295e-02 1.40275592e-09
  5.84900020e-14]
 ...
 [9.99987873e-01 9.00546758e-06 1.44922295e-08 3.10268145e-06
  4.17745355e-09]
 [2.10852816e-14 3.95232111e-03 7.18316615e-03 9.88438438e-01
  4.26074417e-04]
 [2.88184238e-01 8.17284743e-04 7.10932661e-01 6.36578724e-05
  2.15814785e-06]]",[1 0 1 ... 0 3 2],0.09277863883411558,"tensor(1.4304e-07, device='cuda:0', dtype=torch.float64)","tensor(1026029.8973, device='cuda:0', dtype=torch.float64)","tensor(1026185.1909, device='cuda:0', dtype=torch.float64)",0.9610115479229624,"tensor(-56947.3397, device='cuda:0', dtype=torch.float64)","[[9.99987873e-01 9.00546758e-06 1.44922295e-08 3.10268145e-06
  4.17745355e-09]
 [8.88059588e-15 9.89735669e-01 1.02643295e-02 1.40275592e-09
  5.84900020e-14]
 [6.51028175e-14 1.70310265e-01 8.29660604e-01 3.31572985e-08
  2.90982684e-05]
 ...
 [1.74650044e-15 5.74723427e-04 3.80866665e-04 9.99043892e-01
  5.18100872e-07]
 [1.74650044e-15 5.74723427e-04 3.80866665e-04 9.99043892e-01
  5.18100872e-07]
 [1.75818998e-11 2.84722550e-03 9.87900337e-01 9.23405855e-03
  1.83790694e-05]]",[0 1 2 ... 3 3 2],0.09260281568360401,"tensor(8.9194e-08, device='cuda:0', dtype=torch.float64)","tensor(113924.6794, device='cuda:0', dtype=torch.float64)","tensor(114047.0146, device='cuda:0', dtype=torch.float64)",0.961109572936787,"{0: 99674, 1: 34235, 2: 28636, 3: 63660, 4: 5428}","{0: 10954, 1: 3712, 2: 3263, 3: 7245, 4: 563}",random
6,73,"GeneralMixtureModel(
  (distributions): ModuleList(
    (0-5): 6 x Categorical()
  )
)","tensor(-528013.1648, device='cuda:0', dtype=torch.float64)","[[1.14615485e-10 2.36926586e-02 2.64900884e-15 3.55385776e-15
  9.76304941e-01 2.40027644e-06]
 [7.41279091e-01 3.01995206e-06 3.52594825e-18 2.58717726e-01
  1.62082839e-07 7.04171289e-10]
 [2.67955513e-14 8.13016792e-04 1.21880436e-08 4.10498110e-23
  9.99186831e-01 1.40325862e-07]
 ...
 [7.41279091e-01 3.01995206e-06 3.52594825e-18 2.58717726e-01
  1.62082839e-07 7.04171289e-10]
 [4.04425534e-14 9.95979294e-01 8.24588132e-11 2.54691468e-22
  4.02070547e-03 7.79590146e-10]
 [9.43992657e-01 6.56194139e-05 5.26668034e-09 9.49477450e-07
  7.30632222e-12 5.59407693e-02]]",[4 0 4 ... 0 1 0],0.15602848255714138,"tensor(3.6569e-07, device='cuda:0', dtype=torch.float64)","tensor(1056062.3296, device='cuda:0', dtype=torch.float64)","tensor(1056248.6820, device='cuda:0', dtype=torch.float64)",0.9365091043586498,"tensor(-58511.4865, device='cuda:0', dtype=torch.float64)","[[7.41279091e-01 3.01995206e-06 3.52594825e-18 2.58717726e-01
  1.62082839e-07 7.04171289e-10]
 [2.67955513e-14 8.13016792e-04 1.21880436e-08 4.10498110e-23
  9.99186831e-01 1.40325862e-07]
 [3.57856208e-13 8.87241082e-03 2.31588326e-09 4.58205533e-23
  3.91415265e-08 9.91127548e-01]
 ...
 [3.27459334e-15 9.99630450e-01 7.40184273e-12 2.58030515e-23
  3.69548647e-04 1.53473329e-09]
 [3.27459334e-15 9.99630450e-01 7.40184273e-12 2.58030515e-23
  3.69548647e-04 1.53473329e-09]
 [8.89327326e-11 1.50220511e-02 2.92441756e-17 2.30474308e-16
  2.22203259e-09 9.84977947e-01]]",[0 4 5 ... 1 1 5],0.15579453487127598,"tensor(2.2437e-07, device='cuda:0', dtype=torch.float64)","tensor(117058.9730, device='cuda:0', dtype=torch.float64)","tensor(117205.7753, device='cuda:0', dtype=torch.float64)",0.9366451913227755,"{0: 106788, 1: 64540, 2: 8779, 4: 27726, 5: 23800}","{0: 11767, 1: 7337, 2: 978, 4: 3004, 5: 2651}",random
7,73,"GeneralMixtureModel(
  (distributions): ModuleList(
    (0-6): 7 x Categorical()
  )
)","tensor(-512927.4013, device='cuda:0', dtype=torch.float64)","[[8.11602313e-11 1.19170981e-02 1.58277220e-14 ... 3.82766904e-01
  6.05315998e-01 3.13447254e-10]
 [8.02876165e-01 2.77950933e-06 4.44197664e-15 ... 4.68632046e-06
  1.04994934e-04 4.48323821e-09]
 [1.18970273e-14 9.68232656e-05 2.45647924e-09 ... 9.85997942e-01
  1.39052323e-02 1.16619511e-11]
 ...
 [8.02876165e-01 2.77950933e-06 4.44197664e-15 ... 4.68632046e-06
  1.04994934e-04 4.48323821e-09]
 [2.66863087e-14 9.88944711e-01 1.46390274e-09 ... 3.26625232e-03
  7.39335871e-03 3.95676432e-04]
 [5.58904678e-01 5.60781468e-05 5.88215344e-08 ... 5.07897411e-04
  4.40528086e-01 2.38696747e-06]]",[5 0 4 ... 0 1 0],0.14654773144519598,"tensor(4.4135e-07, device='cuda:0', dtype=torch.float64)","tensor(1025896.8026, device='cuda:0', dtype=torch.float64)","tensor(1026114.2137, device='cuda:0', dtype=torch.float64)",0.9381382504898452,"tensor(-56941.7023, device='cuda:0', dtype=torch.float64)","[[8.02876165e-01 2.77950933e-06 4.44197664e-15 ... 4.68632046e-06
  1.04994934e-04 4.48323821e-09]
 [1.18970273e-14 9.68232656e-05 2.45647924e-09 ... 9.85997942e-01
  1.39052323e-02 1.16619511e-11]
 [1.68935475e-13 2.36201750e-03 6.88147371e-08 ... 1.89236354e-01
  8.08376892e-01 2.46670448e-05]
 ...
 [2.12526393e-15 9.98899636e-01 3.05751517e-11 ... 4.72162797e-04
  6.27730250e-04 4.70851736e-07]
 [2.12526393e-15 9.98899636e-01 3.05751517e-11 ... 4.72162797e-04
  6.27730250e-04 4.70851736e-07]
 [3.24136964e-11 8.17666806e-03 1.24706424e-14 ... 2.06616955e-03
  9.89738515e-01 1.86472197e-05]]",[0 4 5 ... 1 1 5],0.14629198740957614,"tensor(2.7530e-07, device='cuda:0', dtype=torch.float64)","tensor(113925.4047, device='cuda:0', dtype=torch.float64)","tensor(114096.6740, device='cuda:0', dtype=torch.float64)",0.9382655018095865,"{0: 106788, 1: 63406, 2: 252, 4: 33822, 5: 21937, 6: 5428}","{0: 11767, 1: 7208, 2: 37, 4: 3666, 5: 2496, 6: 563}",random
8,73,"GeneralMixtureModel(
  (distributions): ModuleList(
    (0-7): 8 x Categorical()
  )
)","tensor(-512850.1903, device='cuda:0', dtype=torch.float64)","[[2.03017470e-10 9.19585268e-03 2.17642252e-14 ... 2.31916348e-15
  1.90204769e-06 7.74407208e-08]
 [9.99995148e-01 2.40674691e-06 7.31030999e-14 ... 3.80612514e-19
  5.57607089e-09 3.28032056e-13]
 [2.72703121e-14 1.21034768e-10 3.72514208e-10 ... 1.46083786e-08
  5.40902866e-08 2.70032563e-08]
 ...
 [9.99995148e-01 2.40674691e-06 7.31030999e-14 ... 3.80612514e-19
  5.57607089e-09 3.28032056e-13]
 [3.10701232e-14 9.99575433e-01 1.14899555e-09 ... 7.70979867e-07
  4.23303722e-04 3.44997572e-08]
 [5.39476304e-07 5.92519981e-05 1.24170016e-06 ... 1.18427374e-16
  3.35113798e-06 5.31459286e-11]]",[4 0 4 ... 0 1 3],0.09649884672820731,"tensor(5.8532e-08, device='cuda:0', dtype=torch.float64)","tensor(1025748.3806, device='cuda:0', dtype=torch.float64)","tensor(1025996.8505, device='cuda:0', dtype=torch.float64)",0.9610995234407044,"tensor(-56928.2449, device='cuda:0', dtype=torch.float64)","[[9.99995148e-01 2.40674691e-06 7.31030999e-14 ... 3.80612514e-19
  5.57607089e-09 3.28032056e-13]
 [2.72703121e-14 1.21034768e-10 3.72514208e-10 ... 1.46083786e-08
  5.40902866e-08 2.70032563e-08]
 [2.07742054e-19 3.65531968e-09 8.49602747e-08 ... 9.88688517e-01
  2.32722159e-05 3.30265795e-08]
 ...
 [2.47242020e-15 9.99999441e-01 1.90264676e-11 ... 1.66877189e-10
  5.16613655e-07 5.37577654e-09]
 [2.47242020e-15 9.99999441e-01 1.90264676e-11 ... 1.66877189e-10
  5.16613655e-07 5.37577654e-09]
 [4.63454418e-17 8.32234472e-03 1.48750090e-13 ... 4.70357122e-09
  2.45233139e-05 2.83828865e-09]]",[0 4 5 ... 1 1 3],0.09657845827392161,"tensor(3.6034e-08, device='cuda:0', dtype=torch.float64)","tensor(113904.4899, device='cuda:0', dtype=torch.float64)","tensor(114100.2263, device='cuda:0', dtype=torch.float64)",0.961117268275055,"{0: 99674, 1: 63406, 2: 7249, 3: 17515, 4: 22340, 5: 14307, 6: 5342, 7: 1800}","{0: 10954, 1: 7208, 2: 821, 3: 1998, 4: 2442, 5: 1565, 6: 554, 7: 195}",random
9,73,"GeneralMixtureModel(
  (distributions): ModuleList(
    (0-8): 9 x Categorical()
  )
)","tensor(-513022.1159, device='cuda:0', dtype=torch.float64)","[[6.52467979e-11 2.76910038e-02 4.53759946e-16 ... 3.85342449e-12
  1.64636332e-14 1.18503884e-15]
 [9.99970745e-01 1.70813832e-13 5.80833153e-18 ... 1.08490298e-08
  7.50908514e-11 7.28206100e-20]
 [7.64489874e-15 4.75944957e-11 5.09217830e-10 ... 1.21489720e-19
  5.26201673e-24 3.84751209e-09]
 ...
 [9.99970745e-01 1.70813832e-13 5.80833153e-18 ... 1.08490298e-08
  7.50908514e-11 7.28206100e-20]
 [2.16693834e-14 9.94724044e-01 4.43884829e-10 ... 5.01535157e-04
  7.14981055e-16 1.82144685e-16]
 [6.78116838e-09 4.00177557e-12 2.57057965e-09 ... 6.14160108e-06
  6.56662893e-01 1.31166168e-24]]",[4 0 4 ... 0 1 7],0.08727443696375455,"tensor(7.7322e-08, device='cuda:0', dtype=torch.float64)","tensor(1026098.2317, device='cuda:0', dtype=torch.float64)","tensor(1026377.7603, device='cuda:0', dtype=torch.float64)",0.9633788212702985,"tensor(-56958.7176, device='cuda:0', dtype=torch.float64)","[[9.99970745e-01 1.70813832e-13 5.80833153e-18 ... 1.08490298e-08
  7.50908514e-11 7.28206100e-20]
 [7.64489874e-15 4.75944957e-11 5.09217830e-10 ... 1.21489720e-19
  5.26201673e-24 3.84751209e-09]
 [1.28307314e-21 7.05908812e-10 3.04067197e-09 ... 4.09769228e-11
  4.35052938e-09 1.37585277e-08]
 ...
 [1.78909533e-15 9.99999336e-01 2.41694370e-10 ... 6.63272213e-07
  1.94673823e-17 8.81385423e-10]
 [1.78909533e-15 9.99999336e-01 2.41694370e-10 ... 6.63272213e-07
  1.94673823e-17 8.81385423e-10]
 [3.37075017e-19 1.26420841e-02 8.34026429e-17 ... 4.00068493e-05
  4.18989857e-01 1.30440436e-16]]",[0 4 5 ... 1 1 5],0.08751252914778238,"tensor(5.0109e-08, device='cuda:0', dtype=torch.float64)","tensor(113971.4352, device='cuda:0', dtype=torch.float64)","tensor(114191.6386, device='cuda:0', dtype=torch.float64)",0.9632513356991957,"{0: 99674, 1: 62473, 2: 2181, 3: 11643, 4: 11960, 5: 30191, 6: 5342, 7: 7116, 8: 1053}","{0: 10954, 1: 7110, 2: 258, 3: 1224, 4: 1340, 5: 3374, 6: 554, 7: 813, 8: 110}",random
2,42,"GeneralMixtureModel(
  (distributions): ModuleList(
    (0-1): 2 x Categorical()
  )
)","tensor(-606603.7394, device='cuda:0', dtype=torch.float64)","[[1.73593432e-08 9.99999983e-01]
 [9.99812742e-01 1.87257725e-04]
 [2.44576278e-11 1.00000000e+00]
 ...
 [9.99812742e-01 1.87257725e-04]
 [6.32748567e-15 1.00000000e+00]
 [9.64982522e-01 3.50174780e-02]]",[1 0 1 ... 0 1 0],0.01867465106730303,"tensor(2.7570e-08, device='cuda:0', dtype=torch.float64)","tensor(1213219.4789, device='cuda:0', dtype=torch.float64)","tensor(1213281.5963, device='cuda:0', dtype=torch.float64)",0.9942505913017896,"tensor(-67249.9007, device='cuda:0', dtype=torch.float64)","[[9.99812742e-01 1.87257725e-04]
 [2.44576278e-11 1.00000000e+00]
 [6.93154897e-14 1.00000000e+00]
 ...
 [1.24211142e-15 1.00000000e+00]
 [1.24211142e-15 1.00000000e+00]
 [4.91981937e-11 1.00000000e+00]]",[0 1 1 ... 1 1 1],0.018680275538445767,"tensor(1.5112e-08, device='cuda:0', dtype=torch.float64)","tensor(134511.8014, device='cuda:0', dtype=torch.float64)","tensor(134560.7355, device='cuda:0', dtype=torch.float64)",0.9942471791584493,"{0: 106772, 1: 124861}","{0: 11762, 1: 13975}",cao
3,42,"GeneralMixtureModel(
  (distributions): ModuleList(
    (0-2): 3 x Categorical()
  )
)","tensor(-537853.2077, device='cuda:0', dtype=torch.float64)","[[1.01913339e-11 1.23926941e-07 9.99999876e-01]
 [9.99678773e-01 1.44339871e-06 3.19783553e-04]
 [9.02757736e-15 1.00272204e-11 1.00000000e+00]
 ...
 [9.99678773e-01 1.44339871e-06 3.19783553e-04]
 [1.79187932e-14 9.61458208e-01 3.85417916e-02]
 [8.69240282e-01 3.87005048e-05 1.30721017e-01]]",[2 0 2 ... 0 1 0],0.0501083175411602,"tensor(6.7102e-08, device='cuda:0', dtype=torch.float64)","tensor(1075724.4154, device='cuda:0', dtype=torch.float64)","tensor(1075817.5916, device='cuda:0', dtype=torch.float64)",0.9837867786664767,"tensor(-59627.9476, device='cuda:0', dtype=torch.float64)","[[9.99678773e-01 1.44339871e-06 3.19783553e-04]
 [9.02757736e-15 1.00272204e-11 1.00000000e+00]
 [1.32641975e-13 1.71453989e-06 9.99998285e-01]
 ...
 [1.35718723e-15 9.96227147e-01 3.77285313e-03]
 [1.35718723e-15 9.96227147e-01 3.77285313e-03]
 [1.46634105e-10 2.07504036e-02 9.79249596e-01]]",[0 2 2 ... 1 1 2],0.050112643415587244,"tensor(4.1430e-08, device='cuda:0', dtype=torch.float64)","tensor(119273.8952, device='cuda:0', dtype=torch.float64)","tensor(119347.2964, device='cuda:0', dtype=torch.float64)",0.9837857695001244,"{0: 106772, 1: 61880, 2: 62981}","{0: 11762, 1: 7068, 2: 6907}",cao
4,42,"GeneralMixtureModel(
  (distributions): ModuleList(
    (0-3): 4 x Categorical()
  )
)","tensor(-533046.0943, device='cuda:0', dtype=torch.float64)","[[1.80273755e-04 3.09905437e-10 3.80666783e-08 9.99819688e-01]
 [9.99997707e-01 2.29336935e-06 2.64883598e-12 5.01851738e-19]
 [2.74050426e-08 2.95030304e-13 9.99999972e-01 3.76775048e-10]
 ...
 [9.99997707e-01 2.29336935e-06 2.64883598e-12 5.01851738e-19]
 [3.76021854e-14 9.67676497e-01 3.23234859e-02 1.68563324e-08]
 [9.99935566e-01 6.44269316e-05 7.67138481e-10 6.11446575e-09]]",[3 0 2 ... 0 1 0],0.024695480305925215,"tensor(3.2838e-08, device='cuda:0', dtype=torch.float64)","tensor(1066116.1885, device='cuda:0', dtype=torch.float64)","tensor(1066240.4234, device='cuda:0', dtype=torch.float64)",0.9931128404035328,"tensor(-59079.9807, device='cuda:0', dtype=torch.float64)","[[9.99997707e-01 2.29336935e-06 2.64883598e-12 5.01851738e-19]
 [2.74050426e-08 2.95030304e-13 9.99999972e-01 3.76775048e-10]
 [3.57015853e-13 2.82474686e-04 9.99717515e-01 1.05979618e-08]
 ...
 [3.00262403e-15 9.96865452e-01 3.13454597e-03 1.66523949e-09]
 [3.00262403e-15 9.96865452e-01 3.13454597e-03 1.66523949e-09]
 [8.26360465e-11 1.04405145e-02 1.33906922e-09 9.89559484e-01]]",[0 2 2 ... 1 1 3],0.02469991444154358,"tensor(2.1123e-08, device='cuda:0', dtype=torch.float64)","tensor(118183.9614, device='cuda:0', dtype=torch.float64)","tensor(118281.8296, device='cuda:0', dtype=torch.float64)",0.9931095885490011,"{0: 106777, 1: 62509, 2: 52799, 3: 9548}","{0: 11762, 1: 7135, 2: 5747, 3: 1093}",cao
5,42,"GeneralMixtureModel(
  (distributions): ModuleList(
    (0-4): 5 x Categorical()
  )
)","tensor(-512987.2046, device='cuda:0', dtype=torch.float64)","[[6.96175763e-11 1.44341967e-02 1.59558191e-12 4.56889306e-01
  5.28676498e-01]
 [9.99834301e-01 2.98927625e-06 3.42434258e-09 6.52903850e-06
  1.56177230e-04]
 [7.25820874e-15 1.72715151e-04 8.22332409e-14 9.86638075e-01
  1.31892096e-02]
 ...
 [9.99834301e-01 2.98927625e-06 3.42434258e-09 6.52903850e-06
  1.56177230e-04]
 [1.62780388e-14 9.88514400e-01 4.19165268e-04 2.83814231e-03
  8.22829284e-03]
 [3.05245999e-01 6.09872320e-05 1.86369108e-06 6.08868034e-04
  6.94082283e-01]]",[4 0 3 ... 0 1 4],0.11572740484970608,"tensor(1.5038e-07, device='cuda:0', dtype=torch.float64)","tensor(1026004.4092, device='cuda:0', dtype=torch.float64)","tensor(1026159.7029, device='cuda:0', dtype=torch.float64)",0.9488969429489194,"tensor(-56946.4369, device='cuda:0', dtype=torch.float64)","[[9.99834301e-01 2.98927625e-06 3.42434258e-09 6.52903850e-06
  1.56177230e-04]
 [7.25820874e-15 1.72715151e-04 8.22332409e-14 9.86638075e-01
  1.31892096e-02]
 [5.36734214e-14 3.71597358e-03 2.95788439e-05 1.38574595e-01
  8.57679853e-01]
 ...
 [1.34229586e-15 9.99107697e-01 5.05978212e-07 4.07495840e-04
  4.84301573e-04]
 [1.34229586e-15 9.99107697e-01 5.05978212e-07 4.07495840e-04
  4.84301573e-04]
 [1.48127996e-11 8.93559829e-03 1.65135988e-05 1.84639743e-03
  9.89201491e-01]]",[0 3 4 ... 1 1 4],0.11574999681674006,"tensor(9.3598e-08, device='cuda:0', dtype=torch.float64)","tensor(113922.8739, device='cuda:0', dtype=torch.float64)","tensor(114045.2091, device='cuda:0', dtype=torch.float64)",0.9488858226407715,"{0: 99672, 1: 63660, 2: 5378, 3: 24509, 4: 38414}","{0: 10954, 1: 7245, 2: 556, 3: 2669, 4: 4313}",cao
6,42,"GeneralMixtureModel(
  (distributions): ModuleList(
    (0-5): 6 x Categorical()
  )
)","tensor(-513060.8877, device='cuda:0', dtype=torch.float64)","[[7.43788156e-11 2.53895034e-07 8.65659996e-07 9.99998880e-01
  7.38394039e-12 7.45064163e-13]
 [9.99996594e-01 3.40314085e-06 1.61107602e-11 7.70629046e-12
  1.00764570e-10 2.35644496e-09]
 [8.87272350e-15 1.01827648e-12 9.99999999e-01 1.20820959e-09
  1.81095898e-13 3.04121217e-18]
 ...
 [9.99996594e-01 3.40314085e-06 1.61107602e-11 7.70629046e-12
  1.00764570e-10 2.35644496e-09]
 [1.98185589e-14 9.83860924e-01 6.38609451e-03 3.70232912e-08
  9.36365319e-03 3.89290902e-04]
 [2.83939912e-01 7.20388724e-05 2.80858161e-09 4.23779420e-08
  7.15986768e-01 1.23622143e-06]]",[3 0 2 ... 0 1 4],0.07758625906092516,"tensor(9.3888e-08, device='cuda:0', dtype=torch.float64)","tensor(1026157.7755, device='cuda:0', dtype=torch.float64)","tensor(1026344.1278, device='cuda:0', dtype=torch.float64)",0.9685075541126957,"tensor(-56941.9321, device='cuda:0', dtype=torch.float64)","[[9.99996594e-01 3.40314085e-06 1.61107602e-11 7.70629046e-12
  1.00764570e-10 2.35644496e-09]
 [8.87272350e-15 1.01827648e-12 9.99999999e-01 1.20820959e-09
  1.81095898e-13 3.04121217e-18]
 [5.92598660e-14 1.22326692e-06 3.12586231e-01 1.88769755e-13
  6.87412545e-01 1.31597765e-09]
 ...
 [1.81724384e-15 9.99062699e-01 9.36508057e-04 4.36618526e-09
  2.86023374e-07 5.02581637e-07]
 [1.81724384e-15 9.99062699e-01 9.36508057e-04 4.36618526e-09
  2.86023374e-07 5.02581637e-07]
 [1.75326797e-11 1.07648080e-02 9.55022499e-09 5.51425091e-06
  9.89218289e-01 1.13786731e-05]]",[0 2 4 ... 1 1 4],0.0774052197526763,"tensor(5.9918e-08, device='cuda:0', dtype=torch.float64)","tensor(113919.8642, device='cuda:0', dtype=torch.float64)","tensor(114066.6665, device='cuda:0', dtype=torch.float64)",0.9686414195243558,"{0: 99674, 1: 62623, 2: 34709, 3: 9166, 4: 20169, 5: 5292}","{0: 10954, 1: 7147, 2: 3738, 3: 1019, 4: 2332, 5: 547}",cao
7,42,"GeneralMixtureModel(
  (distributions): ModuleList(
    (0-6): 7 x Categorical()
  )
)","tensor(-512980.3591, device='cuda:0', dtype=torch.float64)","[[8.32491728e-11 8.90941632e-08 3.05670944e-07 ... 1.22716323e-14
  2.84847886e-14 1.00401884e-12]
 [9.99996572e-01 3.42428402e-06 5.03955025e-12 ... 7.76999731e-19
  1.90926643e-16 3.81195094e-09]
 [9.57649449e-15 3.15420682e-15 9.99999959e-01 ... 2.26210462e-16
  4.08711707e-08 2.45766231e-14]
 ...
 [9.99996572e-01 3.42428402e-06 5.03955025e-12 ... 7.76999731e-19
  1.90926643e-16 3.81195094e-09]
 [2.26188049e-14 9.92660656e-01 7.00582412e-03 ... 9.01979622e-10
  2.06684038e-07 3.33312247e-04]
 [9.99899855e-01 9.83033128e-05 8.63823426e-10 ... 7.29495243e-09
  1.23662810e-08 1.80293653e-06]]",[3 0 2 ... 0 1 0],0.07022278998867926,"tensor(6.4040e-08, device='cuda:0', dtype=torch.float64)","tensor(1026002.7181, device='cuda:0', dtype=torch.float64)","tensor(1026220.1292, device='cuda:0', dtype=torch.float64)",0.972597295446036,"tensor(-56937.1290, device='cuda:0', dtype=torch.float64)","[[9.99996572e-01 3.42428402e-06 5.03955025e-12 ... 7.76999731e-19
  1.90926643e-16 3.81195094e-09]
 [9.57649449e-15 3.15420682e-15 9.99999959e-01 ... 2.26210462e-16
  4.08711707e-08 2.45766231e-14]
 [2.34370200e-13 1.73287206e-08 3.68992456e-01 ... 6.30979815e-01
  1.48240876e-05 1.28878167e-05]
 ...
 [1.81085993e-15 9.98961249e-01 1.03833570e-03 ... 5.54973811e-17
  4.91420282e-13 4.14782612e-07]
 [1.81085993e-15 9.98961249e-01 1.03833570e-03 ... 5.54973811e-17
  4.91420282e-13 4.14782612e-07]
 [5.86810176e-11 1.40976607e-02 3.24858217e-09 ... 9.85887144e-01
  2.97567125e-13 1.51642772e-05]]",[0 2 4 ... 1 1 4],0.07025721265463127,"tensor(4.0449e-08, device='cuda:0', dtype=torch.float64)","tensor(113916.2579, device='cuda:0', dtype=torch.float64)","tensor(114087.5273, device='cuda:0', dtype=torch.float64)",0.9725771853206051,"{0: 106790, 1: 62623, 2: 34709, 3: 9595, 4: 5031, 5: 7543, 6: 5342}","{0: 11767, 1: 7147, 2: 3738, 3: 1070, 4: 603, 5: 858, 6: 554}",cao
8,42,"GeneralMixtureModel(
  (distributions): ModuleList(
    (0-7): 8 x Categorical()
  )
)","tensor(-512830.1781, device='cuda:0', dtype=torch.float64)","[[1.66273892e-04 1.23744035e-02 6.36354283e-07 ... 9.95236626e-11
  4.58114639e-11 3.00565110e-09]
 [9.99996657e-01 3.34004110e-06 8.33822531e-12 ... 3.16816281e-14
  2.57912305e-09 1.03846169e-17]
 [1.96786435e-08 7.76936342e-09 9.99917210e-01 ... 8.27617107e-05
  1.39501580e-12 7.10662815e-11]
 ...
 [9.99996657e-01 3.34004110e-06 8.33822531e-12 ... 3.16816281e-14
  2.57912305e-09 1.03846169e-17]
 [2.28047106e-14 9.95049187e-01 4.59391510e-03 ... 1.93944005e-07
  3.56702074e-04 5.35319993e-16]
 [9.99902351e-01 9.63368910e-05 1.63635386e-09 ... 2.14381197e-08
  1.21680511e-06 2.36791576e-15]]",[3 0 2 ... 0 1 0],0.04569968457673592,"tensor(5.9082e-08, device='cuda:0', dtype=torch.float64)","tensor(1025708.3563, device='cuda:0', dtype=torch.float64)","tensor(1025956.8261, device='cuda:0', dtype=torch.float64)",0.9832684344908363,"tensor(-56926.3048, device='cuda:0', dtype=torch.float64)","[[9.99996657e-01 3.34004110e-06 8.33822531e-12 ... 3.16816281e-14
  2.57912305e-09 1.03846169e-17]
 [1.96786435e-08 7.76936342e-09 9.99917210e-01 ... 8.27617107e-05
  1.39501580e-12 7.10662815e-11]
 [2.41652151e-13 3.09464648e-07 3.77113897e-01 ... 1.20137689e-05
  1.34849540e-05 5.66020198e-15]
 ...
 [1.82345230e-15 9.99336471e-01 6.63106634e-04 ... 4.80157939e-09
  4.17749213e-07 3.28667198e-11]
 [1.82345230e-15 9.99336471e-01 6.63106634e-04 ... 4.80157939e-09
  4.17749213e-07 3.28667198e-11]
 [5.87029240e-11 1.41706320e-02 6.89997270e-09 ... 4.15352022e-13
  1.27316254e-05 6.88248063e-15]]",[0 2 4 ... 1 1 4],0.04570541385953872,"tensor(3.7055e-08, device='cuda:0', dtype=torch.float64)","tensor(113900.6095, device='cuda:0', dtype=torch.float64)","tensor(114096.3460, device='cuda:0', dtype=torch.float64)",0.9832702142103859,"{0: 106793, 1: 62620, 2: 34479, 3: 7614, 4: 5031, 5: 7645, 6: 5292, 7: 2159}","{0: 11767, 1: 7146, 2: 3713, 3: 850, 4: 603, 5: 869, 6: 547, 7: 242}",cao
9,42,"GeneralMixtureModel(
  (distributions): ModuleList(
    (0-8): 9 x Categorical()
  )
)","tensor(-512825.9616, device='cuda:0', dtype=torch.float64)","[[1.05633544e-11 1.15336716e-02 3.90807363e-07 ... 8.11395562e-10
  5.83517292e-09 2.01126930e-05]
 [9.99996522e-01 3.47380357e-06 5.77447587e-12 ... 2.86574854e-09
  9.05903256e-18 1.74803886e-09]
 [1.23352585e-15 5.21068697e-09 9.99999994e-01 ... 2.39086022e-11
  1.26802136e-10 1.00694689e-14]
 ...
 [9.99996522e-01 3.47380357e-06 5.77447587e-12 ... 2.86574854e-09
  9.05903256e-18 1.74803886e-09]
 [2.26675589e-14 9.94936406e-01 4.70027549e-03 ... 3.63132334e-04
  3.71997110e-16 9.11143717e-22]
 [9.99898404e-01 1.00171925e-04 1.13423970e-09 ... 1.34599387e-06
  2.03182316e-15 2.30083523e-08]]",[3 0 2 ... 0 1 0],0.043905390599678476,"tensor(5.6887e-08, device='cuda:0', dtype=torch.float64)","tensor(1025705.9232, device='cuda:0', dtype=torch.float64)","tensor(1025985.4517, device='cuda:0', dtype=torch.float64)",0.9839415894125946,"tensor(-56926.2824, device='cuda:0', dtype=torch.float64)","[[9.99996522e-01 3.47380357e-06 5.77447587e-12 ... 2.86574854e-09
  9.05903256e-18 1.74803886e-09]
 [1.23352585e-15 5.21068697e-09 9.99999994e-01 ... 2.39086022e-11
  1.26802136e-10 1.00694689e-14]
 [2.38358939e-13 2.22561579e-07 3.77112206e-01 ... 1.29860762e-05
  5.01065498e-15 2.13104812e-22]
 ...
 [1.39434288e-22 9.99319637e-01 6.79933377e-04 ... 4.30026359e-07
  6.01880417e-11 1.20374325e-15]
 [1.39434288e-22 9.99319637e-01 6.79933377e-04 ... 4.30026359e-07
  6.01880417e-11 1.20374325e-15]
 [5.86919916e-11 1.41650614e-02 4.23768922e-09 ... 1.26721952e-05
  6.63005491e-15 1.22391934e-14]]",[0 2 4 ... 1 1 4],0.043929622831167164,"tensor(3.5564e-08, device='cuda:0', dtype=torch.float64)","tensor(113906.5649, device='cuda:0', dtype=torch.float64)","tensor(114126.7684, device='cuda:0', dtype=torch.float64)",0.9839325929566478,"{0: 104683, 1: 62620, 2: 34479, 3: 7614, 4: 5031, 5: 7629, 6: 5292, 7: 2159, 8: 2126}","{0: 11539, 1: 7146, 2: 3713, 3: 850, 4: 603, 5: 867, 6: 547, 7: 242, 8: 230}",cao
2,73,"GeneralMixtureModel(
  (distributions): ModuleList(
    (0-1): 2 x Categorical()
  )
)","tensor(-606603.7394, device='cuda:0', dtype=torch.float64)","[[1.73593432e-08 9.99999983e-01]
 [9.99812742e-01 1.87257725e-04]
 [2.44576278e-11 1.00000000e+00]
 ...
 [9.99812742e-01 1.87257725e-04]
 [6.32748567e-15 1.00000000e+00]
 [9.64982522e-01 3.50174780e-02]]",[1 0 1 ... 0 1 0],0.01867465106730303,"tensor(2.7570e-08, device='cuda:0', dtype=torch.float64)","tensor(1213219.4789, device='cuda:0', dtype=torch.float64)","tensor(1213281.5963, device='cuda:0', dtype=torch.float64)",0.9942505913017896,"tensor(-67249.9007, device='cuda:0', dtype=torch.float64)","[[9.99812742e-01 1.87257725e-04]
 [2.44576278e-11 1.00000000e+00]
 [6.93154897e-14 1.00000000e+00]
 ...
 [1.24211142e-15 1.00000000e+00]
 [1.24211142e-15 1.00000000e+00]
 [4.91981937e-11 1.00000000e+00]]",[0 1 1 ... 1 1 1],0.018680275538445767,"tensor(1.5112e-08, device='cuda:0', dtype=torch.float64)","tensor(134511.8014, device='cuda:0', dtype=torch.float64)","tensor(134560.7355, device='cuda:0', dtype=torch.float64)",0.9942471791584493,"{0: 106772, 1: 124861}","{0: 11762, 1: 13975}",cao
3,73,"GeneralMixtureModel(
  (distributions): ModuleList(
    (0-2): 3 x Categorical()
  )
)","tensor(-537853.2077, device='cuda:0', dtype=torch.float64)","[[1.01913339e-11 1.23926941e-07 9.99999876e-01]
 [9.99678773e-01 1.44339871e-06 3.19783553e-04]
 [9.02757736e-15 1.00272204e-11 1.00000000e+00]
 ...
 [9.99678773e-01 1.44339871e-06 3.19783553e-04]
 [1.79187932e-14 9.61458208e-01 3.85417916e-02]
 [8.69240282e-01 3.87005048e-05 1.30721017e-01]]",[2 0 2 ... 0 1 0],0.0501083175411602,"tensor(6.7102e-08, device='cuda:0', dtype=torch.float64)","tensor(1075724.4154, device='cuda:0', dtype=torch.float64)","tensor(1075817.5916, device='cuda:0', dtype=torch.float64)",0.9837867786664767,"tensor(-59627.9476, device='cuda:0', dtype=torch.float64)","[[9.99678773e-01 1.44339871e-06 3.19783553e-04]
 [9.02757736e-15 1.00272204e-11 1.00000000e+00]
 [1.32641975e-13 1.71453989e-06 9.99998285e-01]
 ...
 [1.35718723e-15 9.96227147e-01 3.77285313e-03]
 [1.35718723e-15 9.96227147e-01 3.77285313e-03]
 [1.46634105e-10 2.07504036e-02 9.79249596e-01]]",[0 2 2 ... 1 1 2],0.050112643415587244,"tensor(4.1430e-08, device='cuda:0', dtype=torch.float64)","tensor(119273.8952, device='cuda:0', dtype=torch.float64)","tensor(119347.2964, device='cuda:0', dtype=torch.float64)",0.9837857695001244,"{0: 106772, 1: 61880, 2: 62981}","{0: 11762, 1: 7068, 2: 6907}",cao
4,73,"GeneralMixtureModel(
  (distributions): ModuleList(
    (0-3): 4 x Categorical()
  )
)","tensor(-533046.0943, device='cuda:0', dtype=torch.float64)","[[1.80273755e-04 3.09905437e-10 3.80666783e-08 9.99819688e-01]
 [9.99997707e-01 2.29336935e-06 2.64883598e-12 5.01851738e-19]
 [2.74050426e-08 2.95030304e-13 9.99999972e-01 3.76775048e-10]
 ...
 [9.99997707e-01 2.29336935e-06 2.64883598e-12 5.01851738e-19]
 [3.76021854e-14 9.67676497e-01 3.23234859e-02 1.68563324e-08]
 [9.99935566e-01 6.44269316e-05 7.67138481e-10 6.11446575e-09]]",[3 0 2 ... 0 1 0],0.024695480305925215,"tensor(3.2838e-08, device='cuda:0', dtype=torch.float64)","tensor(1066116.1885, device='cuda:0', dtype=torch.float64)","tensor(1066240.4234, device='cuda:0', dtype=torch.float64)",0.9931128404035328,"tensor(-59079.9807, device='cuda:0', dtype=torch.float64)","[[9.99997707e-01 2.29336935e-06 2.64883598e-12 5.01851738e-19]
 [2.74050426e-08 2.95030304e-13 9.99999972e-01 3.76775048e-10]
 [3.57015853e-13 2.82474686e-04 9.99717515e-01 1.05979618e-08]
 ...
 [3.00262403e-15 9.96865452e-01 3.13454597e-03 1.66523949e-09]
 [3.00262403e-15 9.96865452e-01 3.13454597e-03 1.66523949e-09]
 [8.26360465e-11 1.04405145e-02 1.33906922e-09 9.89559484e-01]]",[0 2 2 ... 1 1 3],0.02469991444154358,"tensor(2.1123e-08, device='cuda:0', dtype=torch.float64)","tensor(118183.9614, device='cuda:0', dtype=torch.float64)","tensor(118281.8296, device='cuda:0', dtype=torch.float64)",0.9931095885490011,"{0: 106777, 1: 62509, 2: 52799, 3: 9548}","{0: 11762, 1: 7135, 2: 5747, 3: 1093}",cao
5,73,"GeneralMixtureModel(
  (distributions): ModuleList(
    (0-4): 5 x Categorical()
  )
)","tensor(-512987.2046, device='cuda:0', dtype=torch.float64)","[[6.96175763e-11 1.44341967e-02 1.59558191e-12 4.56889306e-01
  5.28676498e-01]
 [9.99834301e-01 2.98927625e-06 3.42434258e-09 6.52903850e-06
  1.56177230e-04]
 [7.25820874e-15 1.72715151e-04 8.22332409e-14 9.86638075e-01
  1.31892096e-02]
 ...
 [9.99834301e-01 2.98927625e-06 3.42434258e-09 6.52903850e-06
  1.56177230e-04]
 [1.62780388e-14 9.88514400e-01 4.19165268e-04 2.83814231e-03
  8.22829284e-03]
 [3.05245999e-01 6.09872320e-05 1.86369108e-06 6.08868034e-04
  6.94082283e-01]]",[4 0 3 ... 0 1 4],0.11572740484970608,"tensor(1.5038e-07, device='cuda:0', dtype=torch.float64)","tensor(1026004.4092, device='cuda:0', dtype=torch.float64)","tensor(1026159.7029, device='cuda:0', dtype=torch.float64)",0.9488969429489194,"tensor(-56946.4369, device='cuda:0', dtype=torch.float64)","[[9.99834301e-01 2.98927625e-06 3.42434258e-09 6.52903850e-06
  1.56177230e-04]
 [7.25820874e-15 1.72715151e-04 8.22332409e-14 9.86638075e-01
  1.31892096e-02]
 [5.36734214e-14 3.71597358e-03 2.95788439e-05 1.38574595e-01
  8.57679853e-01]
 ...
 [1.34229586e-15 9.99107697e-01 5.05978212e-07 4.07495840e-04
  4.84301573e-04]
 [1.34229586e-15 9.99107697e-01 5.05978212e-07 4.07495840e-04
  4.84301573e-04]
 [1.48127996e-11 8.93559829e-03 1.65135988e-05 1.84639743e-03
  9.89201491e-01]]",[0 3 4 ... 1 1 4],0.11574999681674006,"tensor(9.3598e-08, device='cuda:0', dtype=torch.float64)","tensor(113922.8739, device='cuda:0', dtype=torch.float64)","tensor(114045.2091, device='cuda:0', dtype=torch.float64)",0.9488858226407715,"{0: 99672, 1: 63660, 2: 5378, 3: 24509, 4: 38414}","{0: 10954, 1: 7245, 2: 556, 3: 2669, 4: 4313}",cao
6,73,"GeneralMixtureModel(
  (distributions): ModuleList(
    (0-5): 6 x Categorical()
  )
)","tensor(-513060.8877, device='cuda:0', dtype=torch.float64)","[[7.43788156e-11 2.53895034e-07 8.65659996e-07 9.99998880e-01
  7.38394039e-12 7.45064163e-13]
 [9.99996594e-01 3.40314085e-06 1.61107602e-11 7.70629046e-12
  1.00764570e-10 2.35644496e-09]
 [8.87272350e-15 1.01827648e-12 9.99999999e-01 1.20820959e-09
  1.81095898e-13 3.04121217e-18]
 ...
 [9.99996594e-01 3.40314085e-06 1.61107602e-11 7.70629046e-12
  1.00764570e-10 2.35644496e-09]
 [1.98185589e-14 9.83860924e-01 6.38609451e-03 3.70232912e-08
  9.36365319e-03 3.89290902e-04]
 [2.83939912e-01 7.20388724e-05 2.80858161e-09 4.23779420e-08
  7.15986768e-01 1.23622143e-06]]",[3 0 2 ... 0 1 4],0.07758625906092516,"tensor(9.3888e-08, device='cuda:0', dtype=torch.float64)","tensor(1026157.7755, device='cuda:0', dtype=torch.float64)","tensor(1026344.1278, device='cuda:0', dtype=torch.float64)",0.9685075541126957,"tensor(-56941.9321, device='cuda:0', dtype=torch.float64)","[[9.99996594e-01 3.40314085e-06 1.61107602e-11 7.70629046e-12
  1.00764570e-10 2.35644496e-09]
 [8.87272350e-15 1.01827648e-12 9.99999999e-01 1.20820959e-09
  1.81095898e-13 3.04121217e-18]
 [5.92598660e-14 1.22326692e-06 3.12586231e-01 1.88769755e-13
  6.87412545e-01 1.31597765e-09]
 ...
 [1.81724384e-15 9.99062699e-01 9.36508057e-04 4.36618526e-09
  2.86023374e-07 5.02581637e-07]
 [1.81724384e-15 9.99062699e-01 9.36508057e-04 4.36618526e-09
  2.86023374e-07 5.02581637e-07]
 [1.75326797e-11 1.07648080e-02 9.55022499e-09 5.51425091e-06
  9.89218289e-01 1.13786731e-05]]",[0 2 4 ... 1 1 4],0.0774052197526763,"tensor(5.9918e-08, device='cuda:0', dtype=torch.float64)","tensor(113919.8642, device='cuda:0', dtype=torch.float64)","tensor(114066.6665, device='cuda:0', dtype=torch.float64)",0.9686414195243558,"{0: 99674, 1: 62623, 2: 34709, 3: 9166, 4: 20169, 5: 5292}","{0: 10954, 1: 7147, 2: 3738, 3: 1019, 4: 2332, 5: 547}",cao
7,73,"GeneralMixtureModel(
  (distributions): ModuleList(
    (0-6): 7 x Categorical()
  )
)","tensor(-512980.3591, device='cuda:0', dtype=torch.float64)","[[8.32491728e-11 8.90941632e-08 3.05670944e-07 ... 1.22716323e-14
  2.84847886e-14 1.00401884e-12]
 [9.99996572e-01 3.42428402e-06 5.03955025e-12 ... 7.76999731e-19
  1.90926643e-16 3.81195094e-09]
 [9.57649449e-15 3.15420682e-15 9.99999959e-01 ... 2.26210462e-16
  4.08711707e-08 2.45766231e-14]
 ...
 [9.99996572e-01 3.42428402e-06 5.03955025e-12 ... 7.76999731e-19
  1.90926643e-16 3.81195094e-09]
 [2.26188049e-14 9.92660656e-01 7.00582412e-03 ... 9.01979622e-10
  2.06684038e-07 3.33312247e-04]
 [9.99899855e-01 9.83033128e-05 8.63823426e-10 ... 7.29495243e-09
  1.23662810e-08 1.80293653e-06]]",[3 0 2 ... 0 1 0],0.07022278998867926,"tensor(6.4040e-08, device='cuda:0', dtype=torch.float64)","tensor(1026002.7181, device='cuda:0', dtype=torch.float64)","tensor(1026220.1292, device='cuda:0', dtype=torch.float64)",0.972597295446036,"tensor(-56937.1290, device='cuda:0', dtype=torch.float64)","[[9.99996572e-01 3.42428402e-06 5.03955025e-12 ... 7.76999731e-19
  1.90926643e-16 3.81195094e-09]
 [9.57649449e-15 3.15420682e-15 9.99999959e-01 ... 2.26210462e-16
  4.08711707e-08 2.45766231e-14]
 [2.34370200e-13 1.73287206e-08 3.68992456e-01 ... 6.30979815e-01
  1.48240876e-05 1.28878167e-05]
 ...
 [1.81085993e-15 9.98961249e-01 1.03833570e-03 ... 5.54973811e-17
  4.91420282e-13 4.14782612e-07]
 [1.81085993e-15 9.98961249e-01 1.03833570e-03 ... 5.54973811e-17
  4.91420282e-13 4.14782612e-07]
 [5.86810176e-11 1.40976607e-02 3.24858217e-09 ... 9.85887144e-01
  2.97567125e-13 1.51642772e-05]]",[0 2 4 ... 1 1 4],0.07025721265463127,"tensor(4.0449e-08, device='cuda:0', dtype=torch.float64)","tensor(113916.2579, device='cuda:0', dtype=torch.float64)","tensor(114087.5273, device='cuda:0', dtype=torch.float64)",0.9725771853206051,"{0: 106790, 1: 62623, 2: 34709, 3: 9595, 4: 5031, 5: 7543, 6: 5342}","{0: 11767, 1: 7147, 2: 3738, 3: 1070, 4: 603, 5: 858, 6: 554}",cao
8,73,"GeneralMixtureModel(
  (distributions): ModuleList(
    (0-7): 8 x Categorical()
  )
)","tensor(-512830.1781, device='cuda:0', dtype=torch.float64)","[[1.66273892e-04 1.23744035e-02 6.36354283e-07 ... 9.95236626e-11
  4.58114639e-11 3.00565110e-09]
 [9.99996657e-01 3.34004110e-06 8.33822531e-12 ... 3.16816281e-14
  2.57912305e-09 1.03846169e-17]
 [1.96786435e-08 7.76936342e-09 9.99917210e-01 ... 8.27617107e-05
  1.39501580e-12 7.10662815e-11]
 ...
 [9.99996657e-01 3.34004110e-06 8.33822531e-12 ... 3.16816281e-14
  2.57912305e-09 1.03846169e-17]
 [2.28047106e-14 9.95049187e-01 4.59391510e-03 ... 1.93944005e-07
  3.56702074e-04 5.35319993e-16]
 [9.99902351e-01 9.63368910e-05 1.63635386e-09 ... 2.14381197e-08
  1.21680511e-06 2.36791576e-15]]",[3 0 2 ... 0 1 0],0.04569968457673592,"tensor(5.9082e-08, device='cuda:0', dtype=torch.float64)","tensor(1025708.3563, device='cuda:0', dtype=torch.float64)","tensor(1025956.8261, device='cuda:0', dtype=torch.float64)",0.9832684344908363,"tensor(-56926.3048, device='cuda:0', dtype=torch.float64)","[[9.99996657e-01 3.34004110e-06 8.33822531e-12 ... 3.16816281e-14
  2.57912305e-09 1.03846169e-17]
 [1.96786435e-08 7.76936342e-09 9.99917210e-01 ... 8.27617107e-05
  1.39501580e-12 7.10662815e-11]
 [2.41652151e-13 3.09464648e-07 3.77113897e-01 ... 1.20137689e-05
  1.34849540e-05 5.66020198e-15]
 ...
 [1.82345230e-15 9.99336471e-01 6.63106634e-04 ... 4.80157939e-09
  4.17749213e-07 3.28667198e-11]
 [1.82345230e-15 9.99336471e-01 6.63106634e-04 ... 4.80157939e-09
  4.17749213e-07 3.28667198e-11]
 [5.87029240e-11 1.41706320e-02 6.89997270e-09 ... 4.15352022e-13
  1.27316254e-05 6.88248063e-15]]",[0 2 4 ... 1 1 4],0.04570541385953872,"tensor(3.7055e-08, device='cuda:0', dtype=torch.float64)","tensor(113900.6095, device='cuda:0', dtype=torch.float64)","tensor(114096.3460, device='cuda:0', dtype=torch.float64)",0.9832702142103859,"{0: 106793, 1: 62620, 2: 34479, 3: 7614, 4: 5031, 5: 7645, 6: 5292, 7: 2159}","{0: 11767, 1: 7146, 2: 3713, 3: 850, 4: 603, 5: 869, 6: 547, 7: 242}",cao
9,73,"GeneralMixtureModel(
  (distributions): ModuleList(
    (0-8): 9 x Categorical()
  )
)","tensor(-512825.9616, device='cuda:0', dtype=torch.float64)","[[1.05633544e-11 1.15336716e-02 3.90807363e-07 ... 8.11395562e-10
  5.83517292e-09 2.01126930e-05]
 [9.99996522e-01 3.47380357e-06 5.77447587e-12 ... 2.86574854e-09
  9.05903256e-18 1.74803886e-09]
 [1.23352585e-15 5.21068697e-09 9.99999994e-01 ... 2.39086022e-11
  1.26802136e-10 1.00694689e-14]
 ...
 [9.99996522e-01 3.47380357e-06 5.77447587e-12 ... 2.86574854e-09
  9.05903256e-18 1.74803886e-09]
 [2.26675589e-14 9.94936406e-01 4.70027549e-03 ... 3.63132334e-04
  3.71997110e-16 9.11143717e-22]
 [9.99898404e-01 1.00171925e-04 1.13423970e-09 ... 1.34599387e-06
  2.03182316e-15 2.30083523e-08]]",[3 0 2 ... 0 1 0],0.043905390599678476,"tensor(5.6887e-08, device='cuda:0', dtype=torch.float64)","tensor(1025705.9232, device='cuda:0', dtype=torch.float64)","tensor(1025985.4517, device='cuda:0', dtype=torch.float64)",0.9839415894125946,"tensor(-56926.2824, device='cuda:0', dtype=torch.float64)","[[9.99996522e-01 3.47380357e-06 5.77447587e-12 ... 2.86574854e-09
  9.05903256e-18 1.74803886e-09]
 [1.23352585e-15 5.21068697e-09 9.99999994e-01 ... 2.39086022e-11
  1.26802136e-10 1.00694689e-14]
 [2.38358939e-13 2.22561579e-07 3.77112206e-01 ... 1.29860762e-05
  5.01065498e-15 2.13104812e-22]
 ...
 [1.39434288e-22 9.99319637e-01 6.79933377e-04 ... 4.30026359e-07
  6.01880417e-11 1.20374325e-15]
 [1.39434288e-22 9.99319637e-01 6.79933377e-04 ... 4.30026359e-07
  6.01880417e-11 1.20374325e-15]
 [5.86919916e-11 1.41650614e-02 4.23768922e-09 ... 1.26721952e-05
  6.63005491e-15 1.22391934e-14]]",[0 2 4 ... 1 1 4],0.043929622831167164,"tensor(3.5564e-08, device='cuda:0', dtype=torch.float64)","tensor(113906.5649, device='cuda:0', dtype=torch.float64)","tensor(114126.7684, device='cuda:0', dtype=torch.float64)",0.9839325929566478,"{0: 104683, 1: 62620, 2: 34479, 3: 7614, 4: 5031, 5: 7629, 6: 5292, 7: 2159, 8: 2126}","{0: 11539, 1: 7146, 2: 3713, 3: 850, 4: 603, 5: 867, 6: 547, 7: 242, 8: 230}",cao
